driverId,name,ssn,location,certified,wage-plan
10,Sandy Garrison,800-03-3837,"8944 Joseph Centers Apt. 058
Nicholsshire, AK 17391",N,miles
11,Gary Curry,882-49-7494,"604 Tim Ford
New Royton, DE 57198",N,miles
12,Anthony Choi,036-93-2774,"291 Eric Pike Apt. 721
Henryborough, AL 03742",Y,hours
13,Mrs. Andrea Calderon,095-15-8625,"6325 Kirk Fall Apt. 694
East Julia, DC 63933",N,miles
14,Dean Green,131-74-1343,"20714 Bowers Creek
Lake Bethany, IL 07355",N,hours
15,Charles Reeves,272-74-7628,"USCGC Love
FPO AA 11855",N,hours
16,Jerry Martin,706-47-6462,"9515 Howell Station Apt. 593
Port Michelle, MP 05874",N,hours
17,Shane Wright,225-86-4928,"9183 Payne Points
East Davidview, SD 73808",N,miles
18,Gabriella Mccoy,798-15-9913,"99762 Shaun Village
East Ronaldhaven, PW 31593",N,hours
19,Jennifer Vazquez,693-72-0664,"6790 Simpson Loaf
Gomezview, WY 71876",N,miles
20,Michelle Lawson,568-98-6974,"2639 Sanders Circles Suite 809
Chadview, WI 42948",N,miles
21,Erika Chapman,478-59-4373,"8525 Anne Drive
New Juliechester, WA 18240",Y,miles
22,David Baird,784-67-6617,"3279 Coleman Motorway Apt. 738
Meganburgh, MN 79985",N,hours
23,Michael Hicks,717-77-1030,"2667 Carla Unions
Chungton, WA 52718",Y,hours
24,Joel Owen,571-07-7579,"USNS Wilson
FPO AP 35649",N,miles
25,Keith Pennington,745-74-5571,"273 Danielle Mission Apt. 966
New Dana, MD 74570",N,miles
26,Alejandro Cooper,304-93-8064,"481 Long Forks Apt. 586
West Jeremyborough, VT 49508",N,hours
27,Andrew Schroeder,344-93-1738,"3812 Monica Neck Suite 223
North Sean, TN 08608",N,miles
28,Joyce Anderson,191-93-0837,"86813 Crystal Island Apt. 962
Mariaside, MD 53634",N,miles
29,Kylie Ford,518-39-1254,"528 White Orchard Suite 049
Marybury, CA 49736",N,miles
30,Heather Esparza,070-02-5187,"5437 Livingston Pike
South Richardstad, AL 11530",Y,miles
31,William Brown,257-70-0357,"7925 Holly Landing Apt. 532
West Mark, PA 49765",N,miles
32,Darlene Weaver,247-02-2223,"5353 Katherine Row Apt. 054
New Kevin, NH 43617",N,miles
33,Amanda Heath,300-36-5114,"PSC 5157, Box 7907
APO AP 40611",Y,hours
34,Nathan Taylor,004-69-0591,"USNV Smith
FPO AP 52490",N,hours
35,Charles Henderson,645-11-1038,"934 Roberts Highway
New Joseph, MN 19880",Y,miles
36,Robert Craig,516-20-7205,"1730 Mclean Burgs Apt. 037
Fuentesbury, OH 90202",Y,hours
37,Joseph Baker,347-70-6382,"258 Hatfield Ville Apt. 877
Pricemouth, KS 37991",Y,miles
38,Dennis Sanders,207-29-3585,"94660 David Centers
South Kellystad, WV 83148",N,hours
39,Louis Myers,109-10-6843,"723 Odonnell Common Apt. 881
Tylerborough, MP 71802",Y,hours
40,Michelle Garcia,440-12-1835,"907 Williams Brooks
West Angela, ME 28475",N,miles
41,Aaron Cox,791-45-6871,"9111 Wilson Extensions Suite 822
Richardstad, KS 55781",Y,miles
42,Ronald Curtis,031-96-7902,"4035 William Canyon Suite 157
Colefort, NJ 72150",N,miles
43,Katie King,435-44-3600,"88819 Johnson Roads Suite 545
East Carlosside, WA 42884",N,hours
44,Jeremy Reed MD,012-42-0563,"186 Carr Islands
Christopherhaven, NJ 18500",N,miles
45,Brian Weaver,314-97-2224,"092 Charles Green
Andreafort, VT 26835",N,miles
46,Jeremy Terrell,802-54-7540,"967 Jasmine Cliffs Suite 024
Allenmouth, CO 68474",N,miles
47,Jonathan Macdonald,189-76-6585,"0517 Elizabeth Terrace Apt. 405
North Williamville, NH 14109",Y,miles
48,Christopher Martinez,581-56-3173,"40603 Foster Fork Apt. 541
Munozberg, FM 63913",N,miles
49,William Tucker,683-05-5200,"USCGC Christian
FPO AA 71941",N,miles
50,Katrina Smith,309-98-5816,"79135 Christie Lodge
Joanneport, NV 01634",N,hours
51,Peter Griffith,791-13-2642,"15053 Jessica Park
West Andrew, GA 32575",Y,miles
52,Amy Day,873-25-2744,"2620 Carol Fields Apt. 442
Andersonshire, HI 69007",Y,miles
53,Ray Allen,830-28-0313,"11926 Sherry Village Apt. 572
South Rachel, NM 68695",N,hours
54,Cheryl Osborn,066-08-1189,"014 Christina Crossroad Suite 427
Jeffreyview, ID 25613",N,hours
55,Denise Sanchez,658-47-6267,"952 Jeffrey Isle
Julietown, VA 33677",Y,hours
56,Troy Lee,025-21-3019,"600 Robertson Turnpike
Port Zoe, PW 32598",Y,hours
57,Jennifer Smith,707-48-1866,"3677 Alexander Keys Apt. 086
Port Shaneshire, NY 85205",Y,miles
58,James Conway,738-18-3801,"USNS Walker
FPO AA 22584",N,miles
59,Christina Watkins,766-64-0495,"388 Aaron River Suite 225
South Karenburgh, IA 34894",N,hours
60,Norman Gill,299-67-3725,"6190 Yvette Crescent
Joneschester, UT 58950",Y,miles
61,Jennifer Turner,215-29-8988,"562 Heather Club Apt. 462
Ramirezburgh, MD 39989",Y,hours
62,Walter Richard,420-53-9779,"1446 Hebert Village Suite 119
East Karen, WV 86929",Y,miles
63,Pamela Gibson,564-94-2250,"5939 Michael Courts
West Kaylatown, SD 06480",Y,hours
64,Blake Lewis,639-72-0074,"3261 Stephanie Valleys Apt. 670
Annstad, RI 65617",N,hours
65,Joshua Alvarez,134-57-8601,"124 William Ports Apt. 618
Williamfurt, KS 15978",Y,miles
66,Susan Mullins,613-26-0234,"25475 Brent Springs Suite 467
East Timothy, MA 06639",N,hours
67,Regina Graham,728-85-8592,"2766 Carolyn Locks Suite 875
Huntview, AR 39850",Y,hours
68,Brittany Parker,657-34-4961,"114 Seth Mission Suite 154
New Jasonburgh, LA 35682",Y,hours
69,Sue Ross,547-71-9938,"2675 John Pines Suite 273
South Ericfort, MD 82346",N,miles
70,Kathy Silva,527-95-1799,"50651 Jasmine Extension Suite 304
Smithfort, KS 28877",N,hours
71,Joanne Rogers,271-38-3835,"Unit 5983 Box 6280
DPO AP 55589",N,miles
72,Shelby Andrews,490-29-7222,"35895 Jessica Mission Suite 265
Andrewsbury, AS 60772",N,miles
73,Michael Palmer,514-88-7754,"902 Johnny Roads
Marksport, CO 36109",Y,hours
74,Patricia Stone,360-57-0609,"02586 Denise Lake Suite 567
Richardland, MO 27175",N,miles
75,Rebecca Navarro,415-65-3869,"8776 Williams Ports Suite 762
Port Austin, MP 26263",N,miles
76,Kristie Watson,292-97-7846,"933 Darren Motorway Suite 122
Hicksville, OR 91738",Y,miles
77,Joseph Nichols,827-52-7844,"9974 Michael Wells
Stevenhaven, MS 01078",Y,miles
78,Steven Davis,339-05-8688,"0781 Torres Passage Apt. 133
West Kristineburgh, MI 33863",N,miles
79,Calvin Santiago,063-17-7214,"Unit 5361 Box 4180
DPO AE 49786",Y,miles
80,Alexandria Burnett,021-86-9407,"408 Blake Junction
New Victoria, NY 85597",N,miles
81,Paul Richardson,823-29-0198,"27107 Austin Rapid Suite 377
Port Amymouth, NV 96156",Y,miles
82,Andres Ford,367-14-9321,"55999 Valerie Station
Deniseville, SD 00863",N,hours
83,Cassandra Stevens,755-32-2542,"Unit 9706 Box 5232
DPO AP 14098",Y,miles
84,Samuel White,534-33-1614,"917 Kimberly Manors Suite 279
Barneschester, CA 46387",Y,hours
85,Stacy Hanson,286-10-0948,"570 Jessica Ferry
South Aaron, SC 36886",Y,hours
86,Amy Hatfield,437-43-0878,"38920 John Groves
Woodview, IN 74464",N,hours
87,Mary Medina,583-36-5248,"23976 Roth Row
New Jean, AR 03747",N,hours
88,Caroline Hernandez,168-45-5821,"48331 Wallace Springs
New Robert, FM 07193",N,miles
89,Harold Berry,500-61-3184,"989 Morton Pike Suite 096
Jacksonmouth, OH 60236",N,hours
90,Daniel Johnston,201-55-4808,"3360 Williams Hills
Port Terriville, KS 18172",N,miles
91,Tyler Mueller,272-56-9532,"1286 Brittany River
Goodmanshire, IA 51013",N,miles
92,Courtney Romero,325-22-6010,"861 Murillo Square Suite 557
Port Jenniferfurt, CA 71734",Y,miles
93,Henry Jones,054-35-9590,"42475 Mary Junctions
South Clifford, GU 48547",N,miles
94,Steven Collins,265-79-9781,"81730 Gloria Flats Suite 563
Thomasview, MI 60488",Y,hours
95,David Wilson,611-21-2812,"10807 Amanda Crossroad
Kiddfort, IL 07359",N,hours
96,Stephen Hawkins,269-92-5006,"5069 Ellison Ridges
New Emilymouth, KS 05205",N,hours
97,Anthony Myers,826-89-2164,"808 Travis Squares
Robbinsburgh, PA 61168",N,miles
98,Larry Rosario,616-45-8663,"326 Schmidt Terrace
Lake Michaelberg, AS 61618",N,hours
99,Michele Vaughn,357-43-8295,"623 Nina Summit Apt. 705
Martinezland, WV 48021",Y,hours
100,Jack Espinoza,178-35-3922,"2915 Hawkins Avenue Suite 932
New Alejandro, NM 90719",N,miles
101,Holly Randolph,451-08-6358,"6597 Marissa Ford Apt. 304
Jeremyshire, HI 64819",N,hours
102,Hector Johnson,290-34-8775,"USNS Fields
FPO AP 31237",N,miles
103,Kimberly Yang,626-04-3738,"9058 Randy Expressway
Andersontown, FM 39827",Y,miles
104,Gary Nelson,230-89-2303,"PSC 8253, Box 4293
APO AA 60782",Y,hours
105,Emily Taylor,766-29-2499,"103 Kevin Motorway Apt. 792
Adamschester, GU 65342",Y,miles
106,Kimberly Rodriguez,346-96-8304,"6008 Herrera Green
Josephside, FM 74428",N,hours
107,Michael Merritt,332-01-2047,"030 Michael Lights
Lake Jasonside, NJ 82037",N,miles
108,Michael Blanchard,809-87-6036,"31571 Jacob Bypass Apt. 655
West Hunter, MA 17638",N,hours
109,Oscar Harris,423-51-0742,"0777 Justin Camp
North Amanda, KY 47181",N,hours
110,Shelby Anderson,178-40-9745,"12819 Nelson Isle Suite 244
Scottbury, MP 57577",N,hours
111,Amy Lee,516-94-7768,"27998 Murillo Valley Apt. 127
East Julie, PW 76617",Y,hours
112,Hannah Cohen,323-96-4186,"2423 Jennifer Shores Suite 534
Taylorshire, VA 84675",N,hours
113,Anthony Williams,416-33-9240,"816 Gutierrez Glen Apt. 939
Port Robertstad, IA 57263",N,miles
114,Dalton Robinson,687-53-1292,"741 Randy Mall
East Regina, OR 69733",Y,miles
115,Brandon Martin,388-87-4488,"05370 Kirby Glen
Zacharyberg, NE 05317",N,hours
116,Monica Kelley,732-01-3127,"12240 Bethany Creek
Lake Ian, VI 44485",N,miles
117,Tina Martin,116-90-5654,"843 Jennifer Circle
East Francisco, FL 30592",N,hours
118,Emily Gilbert DDS,485-02-0560,"74763 Brenda Locks
Jonesport, FM 51787",Y,miles
119,Rachael Long,214-46-0545,"704 Kimberly River Suite 406
Spencershire, UT 07737",N,miles
120,Brandon Hunter,471-95-6109,"USCGC Vang
FPO AP 93186",Y,hours
121,Corey Larsen,790-99-3068,"185 Warner Harbor
North Amytown, MP 19041",Y,miles
122,Ian Dudley,212-34-7900,"811 Hobbs Roads
Roberthaven, GU 56669",N,miles
123,Troy Lopez,455-65-4619,"56677 Christine Canyon Apt. 471
Romerofort, MO 82009",N,miles
124,Dawn Nichols,147-67-7977,"37871 Mason Extension
Brittanyton, ID 33404",Y,miles
125,Wanda Wallace DDS,488-89-7854,"6681 David Forks Apt. 719
East Matthew, ND 77245",Y,miles
126,Stacy Vega,426-71-7963,"8659 Gomez Glen
New Kellyshire, MP 30619",Y,hours
127,Laurie Smith,060-47-6629,"68803 Carl Stravenue Suite 619
West Johnny, WV 26397",N,miles
128,Jennifer Davidson,491-39-1151,"79494 Brian Isle
Stephanieburgh, KY 96160",Y,hours
129,Devon Adams,717-45-7332,"83891 Robert Port
Jenningston, NM 85825",N,miles
130,William Khan,078-60-1754,"PSC 9783, Box 2228
APO AE 67743",Y,miles
131,Connor Ramirez,061-52-7796,"35584 Rhonda Stravenue Apt. 922
Corybury, TN 55939",Y,hours
132,Michael Gonzalez,177-46-7122,"3870 Barbara Rest
Sweeneyberg, CO 87824",N,miles
133,Brian Summers,259-47-7888,"37341 Andrade Freeway
Laurenton, CA 68298",Y,miles
134,Sabrina Shah,154-88-5340,"1332 Jack Gardens
Port Joshua, NE 14833",N,hours
135,Mark Wolf,067-37-3447,"81374 Newman Grove
Griffinview, WI 87607",Y,hours
136,Katie Lopez,365-67-7758,"94529 Karen Pass Apt. 415
Rachelmouth, GA 84809",Y,miles
137,William Snyder,873-13-6572,"377 Carpenter Crossing Apt. 300
Griffinshire, WV 93438",N,miles
138,Jennifer Gregory,689-67-8479,"9820 Hardin Trail
Lake Amy, NJ 26383",N,hours
139,Harry Brown,870-57-1072,"44087 Patricia Shoals Suite 582
Port Cathyborough, PW 91939",N,miles
140,Jennifer Lindsey,372-80-0600,"40084 Greene Square
North Jennifer, WY 57994",Y,miles
141,Bryan Stephens,095-01-5607,"553 William Park
West Michaelmouth, FL 97782",Y,hours
142,Mark Anderson,260-78-2647,"755 Kim Keys
East Timothyton, NY 86888",N,miles
143,Carrie Reese,230-33-0973,"6060 Linda Landing
Michealchester, RI 88008",N,miles
144,Paul Wheeler,314-45-4833,"9177 Hernandez Cliffs
Davisville, MP 44718",N,hours
145,Daniel Wilson,802-94-8518,"244 Amy Prairie
West David, CO 41934",N,hours
146,Brandon Cooper,841-41-1572,"75486 Miranda Pass Suite 540
Brianton, NY 55290",N,hours
147,Gail Smith,533-09-6635,"5268 West Glen
Youngshire, NC 09287",N,hours
148,Dr. Lori Davis,098-66-5387,"7291 Larry Cliff
East Nicholasstad, WA 79065",Y,miles
149,Rachel Moore,190-99-8991,"511 Alan Skyway Apt. 166
West Kathleenbury, AL 74870",N,hours
150,Kelly Bennett,023-72-5615,"374 Moss Harbor Apt. 678
Danielsborough, AR 90082",N,hours
151,Sherry Kidd,792-73-1977,"Unit 2460 Box 2037
DPO AA 64762",Y,miles
152,David Hunt,266-98-3283,"940 Johnson Extension Suite 170
Joshuatown, IL 28696",Y,miles
153,Christopher Duran,327-85-5846,"9159 Kevin Land
Reedchester, PW 36777",N,miles
154,Brian Campbell Jr.,258-41-5852,"02847 Margaret Forest
West Tiffany, MS 53188",Y,miles
155,James Martin MD,020-97-7605,"17231 Williams Key Suite 277
Gardnerberg, MT 95462",Y,miles
156,Bailey Velez,511-44-4198,"96178 Kristen Lodge Apt. 560
South David, DE 42134",N,miles
157,Barry Fisher,859-79-2562,"816 Paul Villages Apt. 221
Arroyoshire, OK 03981",Y,hours
158,Jason Williams,319-92-0301,"49783 Powers Mountain Suite 774
Stricklandburgh, DC 12886",Y,hours
159,John Kim,027-71-4931,"PSC 5717, Box 4160
APO AP 64733",Y,hours
160,Richard Green,394-09-1163,"507 Timothy Stream
Deborahstad, AL 15441",Y,miles
161,Teresa Carr,545-04-0181,"Unit 0665 Box 0440
DPO AE 98925",Y,hours
162,Elizabeth Knapp,866-70-9839,"387 White Views Suite 354
Wilsonhaven, DC 26164",N,miles
163,Andrea Burke,397-19-4555,"1942 Anthony Summit Apt. 423
Michaelstad, PA 02249",N,miles
164,Sandra Marsh,627-53-4612,"86973 Valerie Stravenue Suite 441
Lake Annettehaven, UT 32999",N,miles
165,Jean Davidson,548-34-8712,"2265 Jackson Creek
Beckerland, WY 82049",N,miles
166,Donna Stone,622-60-3111,"98359 Brandon Lane Suite 256
South Barbara, MA 52554",Y,hours
167,Bruce Obrien,880-31-9932,"4749 William Run Apt. 598
Kaylamouth, NM 66731",Y,miles
168,Tina Deleon,169-02-4129,"794 Mariah Glens Apt. 066
Lake Sarahstad, GU 76956",N,miles
169,Crystal Moore,052-14-0403,"422 Martin Crossroad
Lake Kimberly, PR 91500",N,miles
170,Holly Castaneda,223-34-8340,"5076 Castro Trace
Heatherchester, HI 92218",N,hours
171,Phillip Petersen,647-26-0758,"39108 Anita Turnpike Apt. 488
South Amy, RI 65176",N,hours
172,Michael Harper MD,350-90-7305,"748 Bennett Squares
East Theresaville, OH 56645",Y,miles
173,Michael King,791-97-1492,"3668 Jenkins Loaf
Fullerbury, VA 21193",Y,miles
174,Nicholas Smith,794-46-5119,"355 Heather Flat
South Stephanie, DE 74961",Y,hours
175,Julie Maddox,697-28-0327,"17345 Walker Track
Pinedaland, WV 10823",Y,hours
176,Amanda Adams,871-76-2999,"3476 Torres Well
Jamesland, TX 91146",N,miles
177,Andrew Diaz,885-85-2339,"Unit 8164 Box 1676
DPO AE 96642",Y,hours
178,Janet Porter,453-22-2051,"9406 Stanley Camp Apt. 838
East Samanthamouth, MI 61816",Y,hours
179,Clarence Gomez,500-75-6303,"12902 Linda Keys Apt. 406
Walkerville, CO 88005",Y,miles
180,Michelle Gonzales,556-76-9753,"620 Gonzalez Hollow
Thorntonville, OR 96015",N,hours
181,Ashley Lloyd,887-79-5679,"1393 Lindsey Row Suite 919
Woodmouth, AZ 47521",Y,miles
182,Whitney Jackson,272-83-4859,"48974 Schmidt Forges Apt. 971
Christinaview, AR 27012",Y,miles
183,Elizabeth Hill,671-50-6038,"6320 Rollins Highway Suite 792
New Nicholas, OK 91381",N,miles
184,Jeffrey Hensley,389-59-3474,"9730 Joshua Vista Apt. 076
New Robinmouth, PR 60619",Y,miles
185,Richard Hale,871-34-8607,"0348 Ashley Roads Apt. 577
West Josephton, WV 17254",N,miles
186,Jake Sims,793-58-4512,"442 Nancy Villages Apt. 212
South Patrick, MD 36359",N,hours
187,Michael Tucker,150-43-8129,"07738 Martin Meadow Suite 658
Michaelside, MN 30749",Y,miles
188,Justin Bowman,609-33-7695,"90722 Laura Walks Suite 074
Davismouth, RI 11138",N,miles
189,Ryan Armstrong MD,870-55-2342,"392 Johnson Junction Apt. 441
Port Alexander, HI 67184",N,miles
190,Robert Wall,274-30-4691,"948 Meyer Canyon
Prattfurt, LA 85808",N,hours
191,Kendra Booker,877-47-9898,"USNS Hunter
FPO AE 89521",N,miles
192,Todd Mcintyre,443-71-6097,"22429 Aaron Wall
Greenchester, VA 14101",N,miles
193,Joshua Stevens,154-14-9046,"PSC 8430, Box 3761
APO AE 44460",Y,miles
194,John Merritt,293-76-2224,"386 Chen Trace Apt. 295
Rogersborough, MA 25578",Y,hours
195,Fernando Mahoney,398-55-2668,"905 Jason Drives
Duncanmouth, IN 74097",Y,hours
196,Christopher Ellis,619-23-0007,"7348 Hatfield Ports Apt. 133
Port Jessicachester, GU 81700",Y,miles
197,Chris Pierce,292-56-0101,"99758 Matthew Junction Suite 297
West Holly, GU 22696",N,miles
198,Linda Matthews,770-96-0268,"2136 Holt View
Tracyfort, CT 39640",Y,hours
199,Thomas Boyd,668-17-9946,"PSC 4897, Box 5676
APO AP 57348",Y,hours
200,Sherri Black,450-16-6196,"Unit 9935 Box 7224
DPO AE 39117",N,hours
201,Michael Chambers,095-27-9846,"2285 Amy Plains Suite 048
Port Michaelshire, PW 94679",N,hours
202,Jason Davis,398-60-2802,"2971 Simpson Track
Cynthiabury, OR 66008",Y,miles
203,Larry Jones,222-70-3441,"102 John Estates
Brandihaven, NM 74839",Y,hours
204,Theresa Flores,647-35-5132,"PSC 6448, Box 4895
APO AP 51084",Y,hours
205,Patricia Thomas,851-47-8645,"7315 Serrano Mountain Apt. 776
Duncanborough, FM 71661",N,hours
206,Kimberly Kent DDS,218-48-2103,"431 Smith Islands Suite 553
Lake Joseph, MD 99541",Y,hours
207,Clayton Alvarado,132-13-4924,"Unit 0833 Box 9652
DPO AA 36358",N,miles
208,Jeffrey Welch,321-03-8992,"59269 Diane Corner
New Sonya, MI 17533",Y,miles
209,Nathaniel Sanders,416-51-4564,"Unit 6149 Box 2911
DPO AA 09679",Y,miles
210,Erin Wallace,215-91-5964,"33675 Wyatt Views
South Lindsay, IA 44279",Y,miles
211,Jessica Norris,326-49-2538,"67794 Melvin Inlet
West Ashleymouth, PR 14549",N,miles
212,Matthew Long,142-56-6084,"PSC 0365, Box 4871
APO AP 17299",Y,miles
213,Richard Reed,536-23-0772,"48331 Adam Road
Bowmanbury, NM 61508",N,hours
214,Debra Chambers,354-64-4397,"7850 Erika Mount Suite 841
Faithfurt, NY 52699",Y,miles
215,Whitney Logan,106-77-9004,"134 Trujillo Keys
New Cheryl, AR 29359",Y,miles
216,Alexander Jones,027-80-3567,"8224 Samuel Point
East Jennifer, IN 19098",N,miles
217,Craig Le,771-24-0173,"26965 Rebecca Extension
Port Katrina, PA 94417",Y,miles
218,Richard Smith,731-79-7950,"5464 Mcdonald Flat Apt. 879
Jasonton, NV 75783",Y,miles
219,Julie Griffin,012-14-3159,"228 Richard Freeway Suite 233
Riverahaven, SD 10351",N,miles
220,Robert Padilla,692-84-8230,"987 Joyce Hollow Apt. 440
Stevenshire, CT 49069",N,miles
221,Nicholas Aguilar,126-70-8915,"USNS Harper
FPO AA 18484",Y,hours
222,Marcus Romero,524-27-7791,"398 Justin Forest Apt. 708
South Aaron, OH 31253",N,miles
223,Lisa White,196-88-9228,"829 Saunders Plaza
New Marilynport, TX 92943",N,miles
224,Lisa Smith,371-26-8912,"629 Jill Parks
Levyborough, NH 71912",Y,hours
225,Diana White,503-89-9954,"3973 Burke Underpass
Port Loganbury, NC 22663",N,hours
226,Jordan Villanueva,504-47-9880,"08848 Courtney Port
Amandaland, NJ 28985",Y,hours
227,Crystal Odonnell,268-50-2536,"45276 Tyler Bridge
Bryantland, ID 56867",Y,hours
228,Amy Green DVM,897-80-5170,"0791 Jesus Branch Suite 559
North Danielborough, WI 55846",N,miles
229,Laura Lane,539-10-4894,"428 Hanson Extension Apt. 231
Kennedyshire, IA 40371",N,hours
230,Robin Henson MD,811-68-0594,"66556 Davis Trace Apt. 531
Brentton, SD 39976",N,miles
231,Pamela Jackson,764-54-2100,"472 Phillip Lakes
Grossland, OH 41021",Y,miles
232,Sara Hernandez,415-26-4967,"3874 Gary Locks
North Amber, LA 79663",N,miles
233,Frank Peterson,538-02-0242,"16753 Tate Vista Apt. 337
Hollymouth, MS 41838",Y,hours
234,Joseph Benitez,010-32-1647,"PSC 1920, Box 2593
APO AE 51819",N,hours
235,Kevin Contreras,868-32-1679,"946 Ray Row Apt. 248
Cherylhaven, GA 11555",N,miles
236,Jason Anthony,708-78-1671,"599 Porter Summit Apt. 470
Port John, RI 62795",Y,miles
237,Kevin Flynn,498-26-5239,"Unit 2330 Box 2451
DPO AP 15531",Y,hours
238,Ruth Allen,132-16-6510,"5985 Anna Court
Benjaminmouth, NM 08138",N,miles
239,Bryan Yoder,430-81-3773,"PSC 9870, Box 4646
APO AE 02911",N,hours
240,Thomas Harris,617-79-3270,"2126 Andrew Shore Apt. 837
Kristophermouth, MT 52872",N,miles
241,Melissa Morris,710-33-4353,"9600 Samantha Mission
East Tanner, SC 72282",Y,hours
242,Don Smith,063-01-3261,"536 Snyder Forges Suite 289
South Brendanside, HI 23079",N,hours
243,Anne Thomas,430-84-1435,"399 Rodriguez Shore Apt. 992
North Patrick, SD 40832",Y,miles
244,James Torres,337-14-0581,"13128 Wyatt Greens Suite 657
Seanburgh, AR 75197",Y,miles
245,Nicole Williams,585-16-1007,"0287 Wright Club
Lisachester, TX 36065",Y,miles
246,Kristine Freeman,331-70-8895,"03026 Hernandez Trail
Lake Carl, MN 14859",N,miles
247,Alexis Jones,470-36-0040,"10148 George Mews
South Rachelborough, CT 15632",N,miles
248,Douglas Bishop,420-80-3826,"616 Russell Vista Apt. 903
Nancystad, TX 15097",N,hours
249,Amy Graham,494-03-5561,"07613 James Island Apt. 188
Schaeferchester, DC 52973",Y,hours
250,Brittany Arroyo,588-22-2084,"77054 Mueller Loop
Claudiaview, PW 78255",N,hours
251,Brian Pierce,511-92-3992,"50603 Delgado Rue
Simmonsstad, DE 83087",N,hours
252,Joshua Jarvis,544-39-9941,"22794 Cooper Lane Suite 452
Port Lisa, MN 19803",N,miles
253,Michael Swanson,559-17-1042,"056 Luis Mountains Apt. 035
South Nicholas, NE 35909",N,hours
254,Mrs. Nicole Pearson MD,469-63-2742,"29912 Timothy Neck
South Lindsey, MA 42342",Y,miles
255,Kimberly Brown,095-14-5514,"7598 Alyssa Rapids Suite 116
Schwartzshire, VT 00536",Y,hours
256,Anthony Kerr,849-73-3878,"225 Laura Crossroad Suite 729
East Matthewhaven, SD 11403",Y,hours
257,John Davis,119-10-5800,"961 Holloway Oval Apt. 493
Port Ebony, CA 65534",Y,hours
258,Daniel Fowler,282-88-9124,"2337 Winters Cliff Suite 997
Emilytown, AL 51589",N,hours
259,Roger Jones,622-73-9284,"32351 Ferguson Stream Apt. 441
Lake Kenneth, NM 31232",Y,miles
260,Stephanie Washington,745-38-1577,"815 Baird Motorway Suite 487
Bridgetfurt, WA 22300",N,miles
261,Ms. Margaret Holt MD,066-83-1132,"USCGC Lopez
FPO AP 06645",N,hours
262,Laura Johnson,511-28-3387,"USNV Bailey
FPO AP 14982",Y,miles
263,Dawn Norris,403-80-7591,"83093 Tiffany Green
New Timothymouth, OK 81470",Y,miles
264,Valerie Hicks,430-22-3551,"USNV Grimes
FPO AP 31026",Y,miles
265,Robert Combs,658-32-6200,"436 Martinez Ferry
North Jordanmouth, TX 13204",Y,miles
266,Betty White,208-95-3350,"1896 Haney Trafficway Suite 019
West Johnburgh, ME 28584",N,miles
267,Brooke Curry,706-41-1301,"24648 Campos Roads
East Matthewstad, OK 29606",Y,hours
268,Stephen Mercer,057-38-9041,"70065 Mitchell Hollow Apt. 856
East Melanie, ND 15270",Y,hours
269,Jennifer Martinez,194-49-3426,"USCGC Henderson
FPO AP 35767",Y,hours
270,Jennifer Navarro,879-03-4810,"711 Romero Course
Catherinebury, KY 71231",Y,miles
271,Patrick Hale,440-20-1745,"7897 Lopez Glen Suite 692
South Makaylafort, MT 80954",N,hours
272,Elizabeth Robinson,207-94-0066,"880 Paul Ranch Suite 087
East Nancyhaven, ID 29592",N,miles
273,Timothy Carter MD,880-75-5348,"320 Colon Points Suite 454
West Rebecca, ID 39715",N,hours
274,Jessica Duncan,358-05-3283,"PSC 2800, Box 1060
APO AP 76968",Y,hours
275,Danielle Zavala,367-52-3439,"6569 Ho Lakes
West Samantha, MO 04257",Y,miles
276,Christopher Brown,806-29-4217,"154 Crystal Brook
East Peter, MN 69950",Y,hours
277,Debra Gamble,325-60-3367,"0239 Taylor Forks
Romeroshire, PA 86462",N,hours
278,James Morales,705-70-7328,"3732 Jeremy Route Suite 521
Jasminetown, TN 85101",Y,miles
279,Alex Fitzgerald,208-63-2061,"4579 Jeremy Throughway
North Randyport, TX 66702",Y,miles
280,Olivia Johnson,774-98-0696,"3326 Tyler Drive Suite 836
South Dianamouth, WI 84713",Y,hours
281,Angela Thompson,895-05-6324,"41148 Christine Mission
New Jason, TX 99525",Y,hours
282,Walter Johnson,484-16-1927,"594 Ellen Walks Apt. 692
Port Jenniferport, WA 12494",N,hours
283,Mark Walsh,279-35-6217,"32038 Michelle Street Apt. 661
Calebstad, OH 11411",Y,hours
284,Jeffrey Jackson,374-29-2425,"799 Munoz Light Apt. 051
Port Edwardland, SD 17722",N,miles
285,Holly Fox,851-14-5670,"11278 Robinson Shore Apt. 428
West Deborahmouth, OR 40780",Y,miles
286,Andrew Anderson,695-06-6028,"22632 Clark Cove Suite 409
Amandatown, NE 05926",N,hours
287,Amy Wagner,684-69-5597,"Unit 8727 Box 3269
DPO AA 38198",Y,miles
288,Alison Ryan,783-76-5019,"803 Jones Crescent Suite 022
Melissaberg, KY 59963",N,hours
289,Jose Marsh,465-11-6418,"USS Johnson
FPO AA 10276",N,hours
290,Michelle Shea,897-42-4685,"522 Teresa Ports Suite 432
New Ann, PW 64584",N,hours
291,Rebecca West,047-92-3958,"29803 Bradley Glen
East Deborah, WA 59636",Y,hours
292,Jorge Ford,746-03-8276,"737 Espinoza Valley Suite 776
New Eric, SC 84010",Y,hours
293,Megan Watkins,397-03-6800,"6447 Debra Heights Apt. 004
Knighthaven, LA 92896",N,hours
294,Stacy Peterson,721-66-5750,"47640 Tucker Pike
Lake Christopherfort, CT 23598",Y,miles
295,Steven Kirby,161-38-6337,"7546 Erika Loop
Henrymouth, TN 25948",Y,miles
296,Amanda Rogers,819-35-5588,"USNV Vasquez
FPO AP 30225",Y,miles
297,Dean Fowler,195-40-7376,"208 Smith Ridges Suite 743
Jacquelinefurt, ME 54438",Y,hours
298,Richard Hardy,548-03-0875,"09885 Jesse Drives Suite 652
Collinport, WI 25254",N,hours
299,Andrew Vega,586-49-2641,"36894 Shelly Route
Kylemouth, FL 06423",N,miles
300,Jose Holmes,310-86-2109,"6742 Gomez Landing
New Emily, NJ 95737",N,miles
301,Thomas Nelson,433-79-1707,"0748 Noble Gardens Suite 680
Nicolefort, MT 70388",Y,hours
302,Kurt Gilbert,320-32-6060,"4992 Miller Fields
Parkershire, ME 10243",N,hours
303,Justin Chambers,547-24-4007,"3947 Stephanie Shoals
Diazshire, DC 51308",Y,miles
304,Chelsea Hogan,742-52-1147,"PSC 1972, Box 0009
APO AE 17413",Y,hours
305,John Wright,816-59-2870,"268 Jessica Corners Suite 017
Buckbury, NE 26097",Y,miles
306,Ryan Pacheco,599-50-7751,"465 Michael Hill
Sullivanport, OR 22404",Y,hours
307,Erica Curtis,651-14-6851,"837 Jennifer Mountain Suite 097
East Kevinport, OR 99468",N,miles
308,Alicia Powers,888-03-7709,"261 Judith Well
Wardshire, AL 73208",Y,miles
309,Cameron Brown,111-89-7779,"479 Rhonda Rue Suite 404
Port Krista, CT 17137",Y,hours
310,Brian Spencer,883-85-7829,"5244 John Station
Jennastad, AK 80316",N,miles
311,Scott Hines,483-87-4518,"Unit 0286 Box 1438
DPO AA 95242",N,miles
312,Scott Walker,605-60-1027,"9514 Paul Loop
Theresafort, WV 63530",Y,hours
313,Deborah Ibarra,776-27-6011,"1253 Jonathan Ferry
Ericmouth, SC 86083",N,miles
314,Shawn Hall,800-88-0463,"Unit 9606 Box 2973
DPO AP 85884",N,hours
315,Scott Davidson,832-49-5289,"6657 Melissa Rue Apt. 804
North Dawn, VI 44291",N,miles
316,David Arnold PhD,376-57-8407,"8011 Richards Summit
Pruittside, NJ 68605",N,miles
317,Zachary Ross,001-62-1045,"6805 Mcclain Overpass
North David, MH 74129",N,hours
318,Christopher Anderson,235-18-4467,"215 Kenneth Station
East Charleshaven, CA 04297",Y,hours
319,Keith Duncan,223-24-6874,"479 Allison Island Apt. 851
North Jayborough, OH 70057",N,miles
320,Jill Perry,724-84-5406,"Unit 5475 Box 0511
DPO AE 73223",Y,hours
321,Jose Smith,206-29-5399,"20231 Garrett Highway
West Lori, GU 17347",Y,miles
322,Richard Alexander,534-80-2216,"307 Dawn Mountains
Griffithburgh, CO 72423",N,miles
323,Jonathan Pitts,177-06-9758,"084 Rivera Shore
East David, NV 54069",N,miles
324,Thomas Hendricks,178-47-8107,"822 Billy Glens Apt. 317
Jameshaven, AR 28223",Y,hours
325,Robert Klein,455-18-7167,"36301 Catherine Curve
Port James, AL 29508",Y,hours
326,Tony Keller,361-85-5995,"Unit 5428 Box 0864
DPO AE 01299",N,hours
327,Jason Rodriguez,206-91-4383,"85126 Dalton Crest
West Alecborough, ND 70392",Y,miles
328,William Thomas,571-39-5473,"83891 Timothy Road Apt. 077
South Katieside, PA 55099",Y,hours
329,Robert Brady,709-88-3395,"51510 Taylor Trail Suite 905
Thomasville, NY 87157",Y,hours
330,Shelby Kane,108-21-6324,"31469 Diaz Cliff
West Dylanmouth, CA 81461",N,miles
331,Jennifer Conway,565-15-0879,"322 Moses Trafficway
Melissamouth, ID 62687",N,hours
332,Nathan Ryan,885-97-9780,"544 Anthony Expressway Suite 333
Robinsonberg, OR 33420",Y,hours
333,Robyn Howard,221-88-9406,"2386 Murray Inlet
South Stephaniehaven, PR 29450",Y,miles
334,Tina Moore,650-44-1886,"USCGC Johnson
FPO AP 66408",N,miles
335,Crystal Monroe,348-74-3465,"3231 Meredith Summit
Rachelport, NY 35399",N,miles
336,Jerry Butler,479-29-4787,"734 White Parkways
New Jameshaven, WI 65586",N,hours
337,Theresa Lyons,647-17-2417,"7443 Christine Lane
Johnsonchester, SC 41534",N,miles
338,Abigail Forbes,378-01-3721,"1114 Reynolds Plain
East Crystal, VT 42499",N,miles
339,Jesse Nelson,543-11-1458,"027 Nelson Mews Apt. 428
West Sydney, HI 76352",N,hours
340,Kyle Gray,182-36-9113,"08344 Antonio Loaf
Allenstad, GA 81036",Y,miles
341,Donald Johnson,163-30-7711,"7389 Katherine Roads
South Marissa, AL 65822",N,hours
342,Bridget Davis,273-67-6623,"498 Michael Isle Suite 996
Hallbury, LA 25819",Y,hours
343,Matthew Kane,684-06-0104,"295 Martinez Parks
Port Amandaport, OR 06028",Y,miles
344,Patricia Cline,543-50-7244,"84253 Cook Prairie
North Martinton, NV 23198",Y,miles
345,Frank Soto,433-78-7685,"606 Christina Roads Suite 045
East Haleybury, TN 60561",Y,hours
346,Sandra Robinson,270-20-5722,"4038 White Islands Apt. 268
South Nicole, VT 13853",Y,hours
347,Thomas Hale,584-33-8289,"796 Evans Stream
North Suzannetown, MN 65107",N,hours
348,Betty Rojas,385-15-6160,"122 Aaron Court Apt. 785
Maystad, ME 80119",Y,miles
349,Alexander Parker,523-67-4116,"PSC 3322, Box 4069
APO AE 57985",N,miles
350,Angela Watson,193-20-2409,"483 Hunter Burg
New Jessicaside, AR 50745",N,hours
351,Douglas Thomas,596-29-9676,"15488 Christine View
West Joan, SC 72453",N,miles
352,Dr. Tiffany Harris MD,494-55-9809,"7568 Rodriguez Meadows Suite 360
East Brandonland, ND 05448",Y,miles
353,Christopher Burns,478-52-9043,"007 Leslie Camp Suite 848
North Hannah, IL 61301",N,hours
354,Carla Brown,532-39-4875,"86493 Michael Gateway
Lake Linda, KS 55085",N,miles
355,Renee Thompson,799-49-2212,"5409 Cantrell Springs Apt. 261
Taylormouth, NV 84625",N,hours
356,Rachel Evans,346-10-5880,"9303 Myers Villages Apt. 118
Wayneton, NJ 70417",Y,miles
357,Amy Nichols,745-70-7177,"649 Gonzalez Corner Apt. 136
North Tammy, WI 33506",N,hours
358,Thomas Johnson,590-51-2701,"899 Bethany Walk
Lake Allisonstad, MH 75773",N,miles
359,Richard Cooper,299-22-8983,"07499 Kevin Parkways
Davenportview, GA 17399",N,hours
360,John Barrett,611-91-7112,"725 Timothy Divide
East David, VI 82943",Y,miles
361,Chase Lopez,392-34-2533,"241 Michael Canyon
Aaronside, KY 82169",Y,miles
362,Michelle Higgins,531-46-6409,"291 Aguilar Burgs
South Annaport, DE 14102",N,hours
363,Julie Mathis,161-84-5628,"Unit 7244 Box 0006
DPO AE 83035",N,hours
364,Mr. Joseph Reilly MD,876-44-1409,"457 Brandy Summit
Zhangburgh, WV 96160",Y,miles
365,Oscar Young,848-72-1835,"75730 Stefanie Cliff Apt. 959
Port Cheryltown, MN 89354",Y,hours
366,Christopher Carroll,238-39-2010,"USS Melendez
FPO AA 35434",Y,hours
367,Melissa Walker,171-25-9783,"320 Beth Extension Suite 854
Gutierrezfurt, ND 60574",Y,miles
368,Mrs. Darlene Woods,864-59-6082,"1094 Joyce Locks Suite 094
Lake Richard, CA 42596",N,miles
369,William Watson,429-10-4867,"779 Raymond Land Apt. 436
Johnview, GA 02972",Y,hours
370,Whitney Johnson,065-97-6034,"4027 Darlene Estates Apt. 857
North Mario, LA 73354",Y,hours
371,Caleb Bennett,718-41-6234,"49702 Susan Port
East Michaelmouth, NY 74779",N,hours
372,Jenna Morris,052-73-2748,"187 Khan Mall Suite 168
Amandaview, MT 99525",Y,miles
373,Melanie Oliver,542-92-5039,"7212 Watson Islands Apt. 587
Lewismouth, PW 47203",N,miles
374,Heather Yu,355-08-0656,"3158 Johnston Manor Suite 707
East Stephanieport, LA 10774",N,miles
375,Danielle Richards,803-64-2411,"286 Marshall Pike
Suzanneview, DC 56406",N,hours
376,Amy Davis,206-86-5886,"PSC 0278, Box 3833
APO AE 91501",Y,miles
377,Nicole Walton,597-52-0158,"06130 Daniel Underpass
South Kimberly, VI 96311",N,hours
378,Joyce Bird,545-81-8528,"80102 Ewing Spurs Suite 920
Gabrielhaven, NJ 00672",Y,miles
379,Nancy Campbell,320-41-5541,"4828 Greene Ridge Suite 920
Lake Brian, ID 27649",N,hours
380,Melinda Smith,199-42-4982,"24593 Clark Mountains Suite 481
North Jaychester, TN 81050",N,miles
381,Joel Brooks,223-38-2061,"467 Pope Creek
New Jessicabury, MO 99664",Y,hours
382,Erin Perry,569-39-9543,"1663 Jose Forge
Sherryton, SD 27968",Y,miles
383,Joy Short,665-85-8027,"1420 Edwards Mission
Lake Susanberg, IA 78742",N,miles
384,Karen Reed,558-18-0776,"52490 Martinez Road
West Valeriemouth, WV 57937",Y,miles
385,Mary Tucker,872-27-5692,"248 Price Mount Apt. 143
Kathryntown, UT 43283",Y,hours
386,Christopher Murphy,598-02-4285,"1223 Wendy Prairie Suite 225
Conleyton, IA 09999",Y,hours
387,Carolyn Carlson,401-86-9221,"31220 Mayer Ports Apt. 845
East Travisberg, IL 43851",Y,hours
388,Erin Wood,734-71-9871,"380 Gomez Canyon Apt. 496
Lake Sethberg, MT 21769",N,hours
389,Susan Paul,581-77-6420,"6272 Andrews Courts Apt. 928
New Amberburgh, NE 94321",N,hours
390,Patricia Holloway DDS,052-76-5464,"923 Paul Harbor Suite 914
South Donaldstad, KY 44686",Y,hours
391,Morgan Jordan,231-78-8083,"Unit 8528 Box 6193
DPO AE 81778",Y,miles
392,Christine Randall,770-54-8053,"245 Davis Summit
Audreyton, CT 41206",N,miles
393,Andrew Taylor,866-75-0276,"3930 Black Via Apt. 112
South Kimberly, GU 72410",N,hours
394,Tony Hopkins,438-77-6000,"823 Garza Villages
East Lacey, CO 46433",Y,miles
395,Linda Bailey,391-65-8979,"4221 Nicholas Bridge
West Staceyport, NJ 98009",N,miles
396,Misty Davis,503-98-7915,"PSC 4388, Box 2722
APO AE 58713",N,hours
397,Nathaniel Bradley,759-82-2801,"328 Tucker Shores
South Gregory, OK 13951",N,hours
398,James Ramos,580-26-7620,"0917 Theresa Falls
West Robert, MP 64328",Y,hours
399,Cynthia Little,228-48-1076,"96350 Hernandez Rest
South Michael, KY 19840",Y,hours
400,Michael Williams,135-55-8162,"0905 Melissa Ranch
Fitzpatrickmouth, WI 20175",Y,hours
401,Jason Jones,304-06-7632,"880 Miles Common Apt. 194
New Rebecca, ND 56482",N,miles
402,Carrie Ellis,341-13-5653,"339 Richard Groves Suite 192
New Tylerhaven, NE 39455",Y,hours
403,Miguel Brown,282-06-5098,"0635 Gomez Islands Apt. 268
East Ralphton, KY 00536",Y,hours
404,Mr. Dustin Mason MD,263-66-4332,"0133 Reyes Branch
Crystalstad, MD 60438",Y,miles
405,Jennifer Dunn,888-39-6815,"02436 Johnson Islands
East Kellyview, ME 89842",N,hours
406,Mr. James Mccoy,158-26-1631,"4876 Erickson Mountain
North David, NV 31376",N,hours
407,Crystal Davis,844-88-5549,"508 Melanie Stravenue
North Kyle, CO 92491",Y,miles
408,Stephen Scott,808-96-3574,"60300 Baird View
Mistyborough, MS 39102",N,hours
409,Brett Martin,557-27-8796,"66439 Michael Estates
Jamesport, GA 86930",Y,hours
410,David Miller,189-97-2466,"45863 Escobar Spring Suite 421
West April, PA 34870",N,hours
411,Lauren Hayden,483-66-5562,"2657 Dixon Points
South Rachel, IL 96418",N,miles
412,Alexander Salinas,212-03-0737,"653 Howell Keys
Catherinechester, WI 62045",N,hours
413,Richard Spence,338-34-5732,"Unit 8143 Box 9405
DPO AA 34800",Y,miles
414,Daniel Vance,521-20-6564,"7452 Darren Rapids
North Brendan, LA 15233",N,miles
415,Dana Schaefer,453-95-0338,"2527 Cook Freeway
Brandonside, MP 61481",Y,miles
416,Andrew Stevens,437-28-4545,"Unit 5581 Box 7662
DPO AA 66856",N,hours
417,Robert Randall,441-57-1893,"17195 Miller Haven Suite 664
Meredithshire, TN 75653",N,miles
418,Stephanie Klein,559-25-5634,"2992 Mathews Fords Suite 724
Port Annafurt, UT 91869",N,miles
419,Tina Proctor,006-16-0661,"35888 Joyce Prairie
New Ashley, CT 42757",N,miles
420,Brian Jordan,833-34-1634,"8730 Danielle Bridge
North Paulborough, CT 33802",Y,hours
421,Kari Haynes,385-59-9610,"USCGC Holder
FPO AP 90338",Y,miles
422,Christina Collins,701-52-4054,"40577 Benjamin Point
New Kaylashire, IL 48945",N,miles
423,Justin Blankenship,439-56-8045,"PSC 9942, Box 6060
APO AP 55429",Y,miles
424,Amanda Hall,547-55-4058,"4514 Frank Rapids
Williamsmouth, GA 08586",Y,miles
425,Erica Vargas,480-71-3944,"73223 Burton Track Suite 633
Sandraburgh, HI 21695",Y,miles
426,Robert Hudson,721-79-1792,"762 Donna Ridges
Johnport, MS 09255",N,miles
427,Richard Greene,257-29-3251,"393 Nicole Vista Apt. 858
North Josefort, TX 12192",N,miles
428,Susan Kelly,269-08-9282,"746 Tracy Heights
West Roberta, MD 10687",Y,miles
429,Justin Moore,494-32-6718,"671 Miles Forks Suite 922
Port Kelseytown, NY 95141",N,miles
430,Tom Neal,306-28-5312,"12445 Michael Junction Suite 454
South Thomasstad, AS 80126",Y,hours
431,Brian Barker,418-02-5567,"91909 Courtney Spurs Apt. 694
Matthewmouth, TN 06428",Y,hours
432,Edward Day,409-21-8994,"36029 Brown Stravenue Apt. 593
West Elizabethmouth, OK 82586",N,hours
433,Carol Jackson,374-32-4687,"5751 Garcia Falls
Ianport, WY 70869",N,miles
434,Susan Turner,155-20-3243,"6651 Hartman Lights
North Davidfort, FM 81525",Y,miles
435,Julie Williams,150-89-9381,"526 Tina Forge Suite 049
West Joelmouth, AS 91562",N,hours
436,Sandra Wilkins,161-57-8341,"231 Angela Forest Suite 396
New Alexandershire, NJ 61668",N,hours
437,Brian Wu,303-67-4944,"1256 Wright Squares
Holtton, MS 19229",N,hours
438,Sophia Miller,484-34-6364,"USCGC Miller
FPO AA 67992",Y,miles
439,Matthew David,006-42-8285,"814 Matthew Ford Apt. 902
Williamberg, OH 97428",Y,miles
440,Thomas Brown,207-26-0484,"50764 Oscar Road
Steventown, NE 64602",Y,miles
441,Donna Villanueva,701-40-1315,"Unit 0887 Box 9254
DPO AP 83537",Y,miles
442,Tristan Garrison,412-94-4747,"4379 Kerr Ferry
Montgomerychester, GU 48748",N,miles
443,Rebekah Anderson,800-38-2889,"862 Kelsey Underpass
Bobbyview, ME 42645",Y,hours
444,Jessica Diaz,369-03-8398,"7302 Jones Drive
South Adamside, NV 15161",N,miles
445,Daniel Nichols,056-50-9601,"7774 Jessica Mountain Suite 258
Emilyberg, OH 59683",N,miles
446,Austin Young,059-76-4531,"2285 Phillips Place
East Anthonychester, NY 81968",Y,hours
447,Scott Young,798-36-8225,"8866 Julie Row Suite 733
Kevinmouth, NH 29517",N,hours
448,Steven Woods,844-56-4890,"705 James Flats
South Glenn, KS 27674",N,hours
449,Leroy Ingram,063-65-7582,"USNS Jones
FPO AE 37585",Y,hours
450,Peter White,464-88-7465,"Unit 0026 Box 6664
DPO AE 84509",Y,hours
451,Margaret Foster,428-64-4971,"14733 Zachary Isle Apt. 071
New Thomasberg, MT 52628",Y,hours
452,Mrs. Christina Marks,887-50-5825,"065 Melissa Creek
East Jayhaven, TN 25707",N,hours
453,Andrew Leonard,866-06-4325,"71947 Gonzalez Knolls
North Jocelynburgh, WA 37344",N,miles
454,Taylor Fleming,437-31-4410,"1907 Snyder Flat Apt. 625
Lucasstad, WA 44473",Y,hours
455,Margaret Edwards,275-94-7025,"708 Cheyenne Mountain Apt. 176
Bishopville, OH 35683",N,hours
456,Stephanie Thompson,763-31-1088,"2781 Patricia Overpass Apt. 668
South John, PA 20764",N,hours
457,Alejandro Mitchell,637-97-7384,"85099 Howard Spurs Suite 430
Clarkton, MN 77497",N,hours
458,Diane Jones,451-78-3292,"52152 Stephanie Drive
West Kimmouth, MS 55893",N,hours
459,James Ramirez,525-82-7836,"23979 Powell Court
Carterland, WI 46083",N,hours
460,Brian Arroyo,344-41-0546,"83363 Michele Stravenue
Gomezbury, KY 76445",Y,miles
461,Michelle Rogers,715-32-5325,"3356 Mora Unions
Kennethfort, MI 70234",Y,miles
462,Andrea Clark,897-99-2527,"1487 Sarah Gardens Suite 073
Solomonhaven, MI 91653",N,hours
463,Taylor Lewis,684-81-4651,"Unit 0120 Box 5468
DPO AP 68104",N,hours
464,Christina Edwards,845-40-7127,"63307 Kelly Island Apt. 655
New Joann, CO 82123",N,hours
465,Mark Figueroa,065-65-9602,"6002 Deleon Mount
Vegabury, CO 94315",N,miles
466,Matthew Roberts,782-48-2428,"59091 Stewart Rapids
Jeremyfort, AL 24897",N,miles
467,John Peters,821-15-0058,"91038 Robles Mills
Jenniferfurt, AR 36694",N,hours
468,Catherine Andrews,358-37-6024,"3654 Craig Meadows Suite 987
Bruceburgh, MA 41667",N,miles
469,Madeline Hill,021-46-0644,"692 Alexander Loaf Apt. 299
West Samanthahaven, SC 78122",Y,miles
470,Ashley Powell,297-17-9844,"USS Martin
FPO AP 36077",Y,miles
471,Fred Hammond,699-68-9727,"087 Morgan Isle Apt. 185
Port Andrewstad, IL 30051",N,miles
472,Krystal Frazier,756-98-6199,"5509 Murphy Summit
North Rachelside, MT 38020",N,hours
473,Marcus Donovan,356-29-9122,"732 Christopher Island Suite 353
Lake Suzanne, ME 10091",N,hours
474,Melissa Kim,163-44-1715,"1429 Sandra Club
New Philip, NH 46912",N,miles
475,Alfred Craig,282-32-0756,"5363 Christopher Lodge Suite 787
North Scottland, GU 56605",N,miles
476,Timothy Chen,141-04-8954,"2310 Johnson Path Apt. 271
Johnfurt, WY 11819",N,miles
477,Daniel Welch II,737-70-4998,"USS Arnold
FPO AP 33196",N,miles
478,Joy Davis,765-74-6039,"51671 Jackson Lane
Ayersshire, NM 24501",N,miles
479,David Herring,504-95-8650,"PSC 6491, Box 7874
APO AP 47271",Y,hours
480,Kelly Lewis,295-41-2124,"PSC 8722, Box 4921
APO AA 28786",N,miles
481,Mrs. Joann Yates MD,171-22-7303,"9149 Jason Fords Suite 512
Harrisport, MS 21068",N,miles
482,Erica Graves,678-48-2011,"8123 Kristen Corners Suite 039
Millerfurt, MA 18867",N,miles
483,Dylan Logan,534-92-9700,"376 Michael Green
Meganland, TX 62178",N,hours
484,Amy Herman,132-09-7580,"025 Lee Trafficway
South Veronicaport, VA 27181",Y,hours
485,Miguel Long,833-72-6369,"503 Campos Mews
East Ernest, MD 29509",N,hours
486,Marie Clark,068-05-1116,"98841 Harris Lodge Suite 922
East Charlesberg, CA 80697",Y,hours
487,Mark Lee,685-05-6682,"819 Richard Corner Suite 924
Baileyport, LA 30257",N,miles
488,Charles Mueller,350-36-8941,"PSC 8875, Box 7971
APO AP 02220",Y,miles
489,Morgan Johnson MD,280-66-1598,"36741 John Circle Apt. 531
Lake Glenntown, TX 59957",Y,miles
490,Miss Stephanie Carrillo,822-41-0736,"USNS Doyle
FPO AP 59356",N,miles
491,Jamie Fowler,020-63-5335,"95919 Herrera Wall Suite 844
West Christopher, MH 37405",N,hours
492,Karen Carter,207-04-4822,"37639 Raymond Estates
Lake Christinashire, WV 28069",N,miles
493,Matthew Hampton,065-03-7811,"250 Raymond Land
Teresaland, VI 41023",Y,hours
494,Darlene Gibbs,360-57-4548,"Unit 1983 Box 3241
DPO AE 35264",N,hours
495,Thomas Wagner,310-55-0910,"6434 Howell Parkway
West Sandrastad, CO 48064",N,hours
496,Joe Ayala,154-08-3357,"76047 Weaver Summit Suite 343
Hendersonchester, VA 99213",N,hours
497,Johnathan Barrera,844-99-4056,"11555 Brown Estate
East Amy, OK 31691",Y,miles
498,Jamie Campbell,855-56-1414,"242 Santiago Divide
West Krystalside, NJ 43625",N,miles
499,Maria Barrera,526-40-5098,"5401 Ford Streets Suite 004
Cervantesborough, UT 90461",N,miles
500,Christopher Daniels,809-21-2163,"468 Joseph Drive
Davidchester, MP 01894",Y,miles
501,David Esparza,781-53-3121,"PSC 2208, Box 8632
APO AE 66767",N,miles
502,Jimmy Roth,065-99-7968,"016 Rodriguez Mountain
Port Bobshire, PA 16059",N,miles
503,Jessica Martin,310-21-1782,"67450 Lauren Harbors
Lake Johnshire, CT 15451",N,hours
504,Spencer Wright,626-76-5366,"01528 Edwards Mountains
East Haydenfort, AZ 80205",Y,miles
505,Mr. John Jackson DDS,236-36-2782,"5063 Taylor Falls Apt. 447
Grossberg, AZ 83941",Y,miles
506,Teresa Smith,258-68-9865,"Unit 5612 Box 0595
DPO AA 10422",Y,hours
507,Cynthia Stewart,180-21-2072,"3042 Monica Meadow Suite 463
East Angela, NM 78170",N,hours
508,Robert Perry,459-77-9903,"USNS Page
FPO AE 49596",N,hours
509,Glen Pierce,295-23-6057,"57955 Cardenas Landing
East Julieberg, NJ 01883",N,miles
510,Nicholas Campbell,832-69-3176,"1916 Graham Groves
Katherineport, MI 71603",N,hours
511,Mr. Adam Walsh DVM,835-37-4815,"PSC 5902, Box 4668
APO AE 53149",Y,miles
512,Daniel Tran,315-47-0731,"110 Elizabeth Well Apt. 549
East Jared, ID 63110",N,hours
513,Donna Harvey,371-48-3339,"11614 Mayo Shoals
West Karen, MD 78659",N,hours
514,Tony Briggs,618-73-4098,"7201 Cynthia Ridges
North Douglasbury, ME 24486",N,hours
515,Donna Morton,072-53-1985,"78208 Juan Harbor Apt. 093
Schmidtchester, FM 47933",Y,miles
516,Andrea Martin,776-59-0156,"38531 Green Walks Suite 074
Carrshire, PA 60438",Y,hours
517,Heather Edwards,578-40-7309,"224 Robert Circles
South Karen, ID 68622",Y,miles
518,Tammy Barnes,016-25-5366,"309 Brian Flats Suite 100
Brownside, SC 60209",Y,hours
519,Brian Hatfield,429-29-0942,"7235 Lee Estate Apt. 649
Lake Elizabeth, TN 36793",N,hours
520,Nathan Tapia,326-25-0885,"6100 Matthew Junction Apt. 096
Annastad, MI 93819",Y,hours
521,George Hill,463-79-4074,"32287 Davis Island
East Tyler, NC 01392",Y,hours
522,Spencer White,159-34-9350,"54466 Merritt Manors
North Charlesmouth, SD 80272",N,hours
523,Mr. Manuel Day,147-79-5325,"19473 Sandra Dale
Blackburgh, PA 91119",N,hours
524,Roberto Padilla,293-83-8659,"1625 Wells Roads Suite 209
Debramouth, AL 12978",Y,miles
525,John Carney,367-19-0094,"6310 Peggy Hollow Suite 307
South Tammyside, IN 57120",Y,hours
526,Isaac Harper,130-29-5349,"535 Boyd Mall Suite 792
Archerfort, IN 76404",Y,miles
527,Kevin Maxwell,554-30-0542,"4484 Roy Plains Suite 553
West Frankberg, NM 39915",Y,miles
528,Adam Miller,459-06-8068,"776 Alexander Divide
South Nathanland, HI 75772",N,hours
529,David Williams,374-45-4954,"30850 Lucero Burg
Port Marvinchester, SD 35617",N,miles
530,Michelle Randolph,576-39-5963,"19414 James Points Suite 820
Lake Daniel, NY 45966",N,hours
531,Cole Barr,140-47-9581,"0262 Welch Terrace Apt. 514
Michaelton, WY 79119",Y,miles
532,Paul Torres,562-68-8762,"1687 Matthew Key
West Walter, NJ 18696",N,miles
533,Carrie Hawkins,654-80-5542,"155 Ramirez Keys
South Tracybury, DE 91737",Y,hours
534,Heather Owens,683-09-1416,"8401 Allen Shoals
New Troyland, TN 41015",Y,miles
535,Colleen Adams,632-23-3695,"2011 Ronald Union Apt. 561
Michaelville, AR 32741",N,miles
536,Randy Little,744-59-3495,"8014 Sarah Pines Apt. 165
North Andre, PR 66276",N,miles
537,Rachel Lopez,752-33-2298,"6288 Anne Spurs Apt. 976
Hendersonside, AZ 72376",N,miles
538,Angela Payne,512-16-0221,"9370 Alexa Hill
Macdonaldview, SD 46598",Y,miles
539,Mrs. Desiree Green,538-77-9940,"309 Booker Crossing
Montgomerytown, MS 91935",Y,miles
540,Michael Carson,796-37-5815,"733 Robert Dam Suite 525
South Carlafort, PA 05712",Y,miles
541,Thomas Mercado,672-54-6012,"693 Anthony Greens
New Mary, MH 21887",N,hours
542,Penny Lewis,395-41-4325,"413 Fuentes Landing Suite 466
Port Rhonda, PA 45572",N,miles
543,Thomas Evans,013-67-1409,"21257 Ricky Park Apt. 892
Mcdonaldside, OH 84883",N,miles
544,Harry Thomas,421-80-6615,"USS Alvarez
FPO AA 21160",Y,miles
545,Jennifer Young,505-30-3597,"601 Franklin Terrace
Walkerfurt, HI 85033",N,hours
546,Mary Williams,069-47-6580,"46938 Jose Trafficway Apt. 247
Conwaychester, MA 83901",N,hours
547,Veronica Wright,358-71-1076,"9119 Hutchinson Vista
Reyeshaven, ME 05773",Y,hours
548,Jason Torres,887-90-4254,"626 Benjamin Mill Apt. 246
Lesliestad, OH 40481",Y,hours
549,Alexis Osborne,828-01-4505,"80497 Justin Shoals Apt. 142
West Normatown, AR 05034",N,hours
550,John Horton,797-80-5188,"863 Crawford Drives Apt. 432
North Joseph, IN 79490",N,hours
551,Dennis Russo,480-78-8024,"5236 Michael Well Apt. 832
North Kimberlytown, AK 55452",Y,miles
552,Thomas Murray,010-11-8108,"126 Wells Creek Apt. 430
Port Kyleport, VI 53448",N,hours
553,Paula Shaffer,260-11-3166,"910 Michelle Oval Apt. 609
Carolynborough, CT 68321",Y,hours
554,Mary Williams,704-60-0517,"7506 Allison Underpass
Saramouth, MI 52142",N,hours
555,James Kennedy,774-80-6892,"USCGC Bennett
FPO AE 31235",Y,hours
556,William Castro,440-31-3354,"2327 Caroline Path Apt. 089
North Brendashire, HI 23674",N,miles
557,Rebecca Harrison,757-27-8296,"PSC 0781, Box 0646
APO AP 95289",Y,hours
558,Emma Cross,523-98-5827,"66392 Karen View Apt. 273
South Hannah, NY 60240",N,miles
559,Laura Bush,746-48-5185,"78406 Destiny Mall Suite 466
West Michaelburgh, GA 34360",Y,hours
560,Jeffrey Strickland,296-16-2809,"45064 Colleen Ridges
Colestad, FL 09475",N,miles
561,Jamie Conrad,087-43-8863,"Unit 3188 Box 8267
DPO AA 92986",N,hours
562,Dr. Regina Campbell MD,312-91-0518,"951 Gonzales Ville
Christinashire, DC 79626",N,miles
563,Jamie Turner,448-14-4602,"11453 Roberson Islands
North Garyton, ID 36924",Y,miles
564,Madison Johnson,843-03-1844,"90076 Lee Oval Suite 823
Wallaceshire, MT 61707",N,miles
565,Michael Anderson,077-51-2427,"560 Ayala Valleys
Melissachester, ID 97847",N,hours
566,Jennifer Nichols,436-02-3409,"5333 Steven Island Apt. 109
Hernandezport, NY 82690",Y,hours
567,Joshua Merritt,291-26-0653,"5782 Miller Green Suite 937
Maryberg, PW 33605",Y,hours
568,Corey Gilbert,841-59-4826,"USCGC Norton
FPO AE 77359",N,miles
569,Brenda Brewer,863-22-8211,"72871 Robert Orchard
Melaniebury, AK 09560",Y,hours
570,Mark Smith,873-57-4528,"27822 Heather Wall
Port Jason, NV 95962",Y,miles
571,Christine Williams,212-44-5100,"310 Mary Stream Suite 440
Lake Hannah, VI 68318",Y,hours
572,Nathan Martinez,045-85-2684,"94956 Peterson Cliffs Suite 820
North Justinbury, AK 73074",N,hours
573,Ronald Williams,748-19-0671,"2800 White Ranch Apt. 375
East Juanport, MH 40427",N,hours
574,Ruth Allen,332-83-2142,"USNV Christian
FPO AA 28883",Y,hours
575,Lindsey Thornton,740-31-6318,"54245 Nguyen Views Apt. 719
New Johnchester, MA 36194",N,hours
576,Kristen Johnson,035-84-7243,"Unit 5880 Box 8765
DPO AP 89130",Y,hours
577,Alexis Adams,150-14-4841,"2734 Destiny Fork Suite 116
East Jason, MS 10256",Y,miles
578,Shannon Shelton,608-67-3406,"9928 Gregg Vista Suite 900
Lake Maryville, KY 80505",N,miles
579,Jerry Wang,670-20-7913,"56434 Oneal Light
West Aliciafort, AL 67729",Y,hours
580,Justin Watkins,623-80-9104,"8008 Durham Hollow
Thomashaven, VT 70532",N,miles
581,Karen Martin,647-38-0341,"6834 Beth Centers Apt. 583
Port Patrick, PR 29080",N,hours
582,Laura Walker,402-73-3802,"USS Olsen
FPO AA 15965",N,miles
583,Bobby Patel,317-17-9328,"8423 Mary Corner Suite 426
Miguelmouth, PR 68123",N,hours
584,Jonathan Green,894-34-9159,"52585 Vanessa Junction
Brookeport, KY 03349",Y,hours
585,Lori Carlson,510-48-2594,"198 Johns Canyon
West David, MP 14779",N,hours
586,Theresa Morris,223-59-2888,"26472 Connie Divide Suite 195
Montgomerybury, HI 68866",N,miles
587,Kathryn Shelton,253-38-2599,"5863 Reed Skyway Apt. 652
Port Joelburgh, OH 95763",Y,hours
588,Charles Garcia,405-45-3959,"25116 Williamson Heights Apt. 875
Morrisport, MH 34171",N,miles
589,Charles Phillips,636-83-6665,"69357 Stephanie Parkway
Dawnborough, WV 91219",N,miles
590,Rebecca Jones,460-07-5946,"1843 Maynard Gardens
South Nicholas, SD 04973",N,hours
591,David Johnson,301-35-3749,"8562 Roberto Tunnel Suite 226
Rodriguezshire, WA 19142",Y,miles
592,Joseph Walters,716-21-7595,"0133 Wright Spurs Apt. 757
Smithmouth, IL 80804",Y,hours
593,Stephanie Dunlap,639-14-3471,"1122 Lopez Prairie
Vangstad, NY 60860",N,hours
594,Nancy Wheeler,557-80-7384,"3942 Evans Key Suite 458
Flemingborough, VA 33751",Y,hours
595,Jasmine Ramirez,657-97-6111,"USNS Diaz
FPO AA 78185",Y,miles
596,Kristy Bradley,099-44-0709,"318 Jasmine Mountain
Walshmouth, ND 65467",Y,hours
597,Lisa Alexander,778-57-1580,"51241 Brown Locks
Michellemouth, MT 92312",Y,hours
598,Kim Henry,695-92-4420,"8729 Knight Manor Apt. 807
New Dalemouth, VI 53542",Y,miles
599,Vanessa Buchanan,163-41-8368,"419 Nicole Centers
Wellsport, NC 04239",Y,hours
600,Breanna Williams,528-49-8768,"92891 Wu Lodge Suite 997
North Daniel, MH 38540",N,miles
601,Lindsey Turner,829-40-5795,"2833 Tina Burg
Turnertown, NJ 86590",N,miles
602,Michael Pratt,847-41-5047,"12244 Christopher Neck
Gabriellaberg, MS 38343",N,hours
603,Mary Richard,305-78-1813,"03207 Johnson Mount Suite 294
Samanthaland, WV 79979",N,hours
604,Nancy Petersen,439-80-7375,"61411 Jeremy Station Suite 018
Banksstad, MP 67480",N,miles
605,Tammy Medina,477-58-7905,"729 Joshua Knolls Apt. 037
Lake Christophertown, NH 15207",N,miles
606,Susan Martinez,451-59-1045,"2966 Brian Vista
South Pamelatown, UT 97497",Y,miles
607,Henry Jarvis,588-01-9560,"998 Eugene Meadow
New Jennifer, MA 28813",Y,hours
608,Ian Ross,731-76-4353,"86645 Marcus Rapids Apt. 110
Huffberg, ND 32363",Y,miles
609,Joshua Johnson,700-10-0458,"290 Jones Walks Apt. 905
New Melissaport, NM 04400",Y,miles
610,Tyler Garcia,184-39-0245,"Unit 3445 Box 2745
DPO AP 25684",Y,miles
611,Allison Snyder,096-03-3032,"789 Bryan Skyway Suite 575
Prestonville, MA 09153",Y,hours
612,Russell Hunt,189-44-6568,"98828 Kyle Bridge
Wellsberg, ND 03297",Y,miles
613,Becky Phillips,058-87-6794,"675 Pamela River Apt. 961
Marcusfort, NJ 88714",Y,hours
614,Margaret Berg,370-83-3337,"Unit 7804 Box 0711
DPO AA 44435",N,hours
615,Tammy Malone,837-26-1101,"428 Judy Stravenue Suite 597
South Deborahshire, OK 42571",Y,hours
616,Edward Gonzales,220-16-1889,"763 Richardson Mountain Apt. 007
Annefort, LA 29899",Y,hours
617,Andrea Daugherty,038-85-8555,"3911 Williams Lodge
East Brendaland, PW 83092",N,miles
618,Jacob Salazar,005-35-9405,"299 Matthews Ridge Suite 160
Welchbury, PR 78750",Y,hours
619,David Greene,817-49-7659,"006 Jeffery Bridge Apt. 228
Williamstad, AZ 67359",N,miles
620,Jennifer Cole,288-96-0529,"PSC 5889, Box 2397
APO AP 60475",N,hours
621,Stephanie Bailey,679-36-7796,"05168 Crystal Causeway
Dayton, VT 33816",Y,hours
622,Kevin Martinez,531-26-0394,"5522 Flores Trafficway
Ericfurt, WV 37641",N,miles
623,Barbara King,044-70-9000,"2894 Kelly Inlet
Port Seantown, HI 67014",Y,hours
624,Marie Ray,493-64-6566,"4055 Nathan Camp Suite 007
South Aaron, SD 49249",Y,hours
625,Jessica Graham,823-48-1597,"37459 Mark Meadows Suite 116
South Melissa, AL 89718",Y,miles
626,Nicole Zimmerman,061-78-3114,"4504 Martin Motorway Apt. 244
Port Timothyborough, OH 41944",N,miles
627,Michelle Moore,633-89-4636,"865 Jacob Lights
Johnton, MN 04009",N,miles
628,Wendy Daniel,886-97-8164,"8732 Harper Flats Apt. 178
Castanedashire, FL 00941",N,hours
629,Jessica Sims,690-75-7281,"36913 Daniel Cliffs Suite 468
South Danielle, ND 27381",N,hours
630,Drew Soto,675-55-7181,"USCGC Mendez
FPO AE 40644",N,miles
631,William Owens,374-55-7944,"2260 Atkinson Junctions Apt. 094
Benjaminbury, AL 67938",Y,miles
632,William Bell,454-71-4446,"0158 Michele Creek Suite 845
South Sandraside, MN 58167",Y,miles
633,Walter Wright,046-53-8413,"5633 George Road Suite 755
North Sarah, WV 43649",N,hours
634,Michele Ramsey,687-62-3125,"Unit 6066 Box 3199
DPO AE 51770",N,hours
635,Michael Allison,495-11-6195,"5288 Velasquez Junction Suite 321
West Allison, MT 63185",N,hours
636,Jacob Hebert,486-86-4535,"USNV Campbell
FPO AE 50033",N,hours
637,Leslie Miranda,151-41-7256,"PSC 8826, Box 5496
APO AA 27402",N,miles
638,Amanda Mcdaniel,733-35-6173,"964 Aaron Track Suite 746
Luisburgh, NJ 39245",N,hours
639,Timothy Nelson,253-81-1764,"10138 Angela Circle
Daughertystad, WV 69039",N,miles
640,Calvin Paul,876-14-5019,"9125 Jennifer Ridge Suite 380
Norrisport, NJ 56116",N,miles
641,Elizabeth Carr,112-94-8462,"64023 Sellers Flats Suite 411
Moniquestad, PR 76797",N,miles
642,Ashley Elliott,665-92-9794,"28763 Murillo Flats
Craigfort, MP 28659",Y,hours
643,Tina Dunn,522-31-9305,"747 Robertson Common Suite 043
North Tiffany, AK 30000",Y,hours
644,Teresa Holt,399-73-5463,"77127 Nelson Valleys Apt. 360
North Alecfurt, GA 84613",Y,miles
645,Brian Reyes,366-97-9591,"179 Vanessa Gardens
Martinbury, OK 18576",N,miles
646,Michael Hayden MD,829-32-0282,"242 Matthew Streets Suite 487
Rioschester, VI 99743",Y,miles
647,Randy Hernandez,479-08-6712,"41493 Cummings Branch Apt. 114
Port Cherylport, IA 08514",N,miles
648,Jeffrey Russell,791-09-5124,"PSC 4414, Box 7452
APO AP 01178",Y,hours
649,Mark Bauer,564-51-3927,"77570 Cruz Circles Apt. 487
Lake Peter, PW 67046",Y,hours
650,Matthew Frank,756-82-8791,"0745 Fitzpatrick Parks Apt. 734
Barneschester, NC 89023",Y,miles
651,Ms. Amy Vang,245-60-4556,"771 Courtney Glen
Andreamouth, AK 24235",Y,miles
652,James Chavez,571-52-6557,"534 Diana Tunnel
West Taylorland, AR 23521",Y,miles
653,Dustin Miller,028-40-2522,"USCGC Castro
FPO AP 96595",N,miles
654,Justin Robinson,774-48-7789,"5765 Rice Prairie Apt. 774
East Paulborough, NE 36593",Y,miles
655,Patrick Middleton,754-97-6740,"492 Dominique Island
East Michaelshire, SC 37184",N,miles
656,Justin Casey,391-45-9880,"USS Elliott
FPO AA 79942",N,hours
657,Nicole Holt,239-61-0352,"902 Elizabeth Rue Suite 995
Lake Thomasberg, GA 54981",N,miles
658,Lisa Lopez,315-15-8437,"3937 Romero Inlet
Lake Karenmouth, VT 96378",Y,miles
659,Vincent Meadows,545-06-9920,"100 Randy Oval Suite 040
West Patrickchester, FL 22965",N,hours
660,Lisa Thomas,153-15-6891,"707 Guerrero Lock
Lake Jenniferburgh, MT 63958",Y,miles
661,Ashley King,759-01-3069,"PSC 6774, Box 6961
APO AP 66128",N,hours
662,Scott Robinson,601-99-5281,"94234 Pierce Glen
Port Mary, PR 32056",Y,miles
663,Maria Ross,834-67-3922,"88644 Campbell Light Apt. 340
Lindaberg, PA 19452",Y,hours
664,Nathaniel Barnes,419-31-5282,"714 Young Grove Apt. 892
Hannaport, MI 22493",N,hours
665,Tanner Herrera,543-49-6122,"3187 Mark Spring
West Christymouth, OH 63399",N,hours
666,Lindsey Lopez,620-38-5024,"3724 Lori Lodge
Cookburgh, NY 77444",N,miles
667,Amy Reid,689-61-2827,"2067 Carlos Springs
Harrisfurt, IN 59697",N,miles
668,Marcus Alexander,187-32-5706,"54986 Christine Hills Apt. 032
East Monique, MN 81953",N,miles
669,Brent Garcia,677-18-5291,"610 Michael Mount Apt. 190
West Terri, ID 64348",N,hours
670,Justin Blackburn,261-27-1286,"544 Anderson Views
Chapmantown, SD 28945",N,miles
671,Alexander Kline,670-91-8810,"USNS Curtis
FPO AE 38071",Y,miles
672,Colleen Smith,579-56-8090,"285 King Walk Suite 458
South Donnaberg, DE 78050",N,miles
673,Brian Perez,551-26-5658,"434 Norris Ridges
North Robertmouth, HI 69869",Y,miles
674,Caleb Martinez,582-54-6562,"398 Espinoza Parks
South Todd, WI 87507",N,miles
675,Christopher Chen,794-17-5973,"903 Alexis Square
Port Anthony, RI 88403",N,miles
676,Christopher Taylor,431-98-8967,"85680 Benjamin Unions Suite 451
Anthonyberg, OK 28021",Y,hours
677,Anne Smith,372-56-9756,"4603 Jeremy Parkways Suite 360
North Jasonberg, OK 19808",Y,hours
678,Gerald Smith,702-75-8575,"23983 Stephanie Land
Port Pamela, PW 52914",Y,miles
679,Jose Lewis,655-51-4379,"3331 Hall Harbor Apt. 991
Stephenland, PW 86768",N,hours
680,Heather Delacruz,872-61-4646,"7439 Russell Spring
Jesseview, MS 20705",N,hours
681,Lauren Williams,151-30-3865,"438 Robert Ports Suite 586
South Maria, VA 37581",Y,hours
682,Michael Williams,613-78-8582,"19173 Graves Row
North James, ME 11680",N,miles
683,James Gonzalez,120-20-9979,"14665 Hoffman Mountain
Port Christinamouth, IL 52835",Y,miles
684,Jill Davis,085-83-4595,"093 Fernando Walk Suite 265
West Rachel, MT 29292",Y,miles
685,Tara Price,366-06-9660,"861 Fernandez Fields Suite 035
Daniellemouth, LA 59614",Y,hours
686,Tyler Tucker,166-45-1337,"01432 Watts Parks Apt. 963
West Anthony, FM 79494",N,miles
687,John Schneider,200-17-5797,"67941 Holder Plains
Stephensonshire, IN 66969",N,miles
688,Barbara Thompson MD,049-80-6260,"304 Stephanie Keys
Thomasshire, GU 70416",Y,hours
689,Sandra Fox,101-51-8238,"08350 Ward Locks Apt. 306
Port Morgantown, VT 33749",N,miles
690,Jeremy Perez,115-39-4559,"97408 Dustin Inlet Apt. 825
Frankshire, NE 17441",Y,hours
691,Caroline Scott,540-88-8033,"4109 Martin Lodge
East Annahaven, OR 07618",Y,hours
692,Karen Smith,163-45-5128,"001 William Crossing Suite 328
Lake Matthewmouth, SC 13445",Y,hours
693,Bryan Bautista,594-26-7925,"4909 Melanie Summit
North Amyfort, NM 41294",Y,hours
694,Ronald Wilcox,307-72-4042,"790 Shelby Mountains
Port Janicechester, WY 84240",N,miles
695,Courtney Sanders,467-42-8447,"4825 Valdez Park Apt. 352
West Amberchester, WY 09777",Y,miles
696,Michael Fischer,831-86-6535,"8759 Peck Landing
North Crystal, IA 69960",Y,hours
697,Edward Hayes,715-88-8238,"50273 Jasmine Crossroad
Port Ryanburgh, PW 25328",N,hours
698,Jon Bell,830-57-0595,"88855 Kristen Spring
Wrightland, OK 13581",Y,miles
699,Anna Gonzales,851-61-3864,"120 Jack Forks
Davidland, ND 22054",Y,miles
700,Lindsey Garcia,791-34-2534,"53270 Frazier Stream
Port Austin, NC 12125",Y,miles
701,Maria Welch,399-68-2280,"938 Elizabeth Terrace Suite 017
Lake Alan, MI 25968",N,miles
702,Teresa Hill,231-33-5293,"USNS Burton
FPO AE 52509",N,hours
703,Jacqueline Jennings,235-17-4836,"4888 Leah Corners Apt. 026
Williamsmouth, ID 16544",N,hours
704,Traci Reynolds,371-26-4155,"04073 William Mountains
Marvinmouth, AK 94446",N,hours
705,Jenna Graham,092-13-5929,"6245 West Expressway
South Gina, MI 37999",Y,hours
706,Vickie Patterson,114-83-5285,"2179 Kevin Lane
East Peter, DC 70319",N,miles
707,Nicole Thompson,547-14-3848,"30072 Simmons Village
West Nicholas, KS 59193",Y,hours
708,Katherine Hardin,169-50-7373,"13603 Jonathon Wells Apt. 663
Smithville, NJ 16051",Y,hours
709,Amy Martin,196-23-1721,"883 Thompson Rapid
Mcgeeburgh, WI 41168",N,hours
710,John Shepherd,143-45-9605,"194 Peggy Trail
Mccormicktown, KS 37648",N,hours
711,Kristen Hughes,181-32-4233,"2231 Jason Lodge Suite 239
West Davidside, IN 85806",Y,miles
712,Linda Mejia,249-02-3249,"Unit 9004 Box 5889
DPO AE 90340",Y,hours
713,Mark Turner,353-61-3079,"5045 Derek Place
North Deborahberg, ND 12635",Y,hours
714,Richard Shaffer,135-69-6368,"06126 Thompson Underpass Apt. 110
Jenniferborough, FL 15651",N,hours
715,Michael Foster,532-73-2797,"97226 Price Springs Suite 462
North Garystad, SD 94494",N,miles
716,Charles Phillips,157-66-5149,"21708 Gamble Forge
Batesfort, NV 72000",N,hours
717,Joseph Gonzalez,099-99-0371,"046 Smith Plains
New Jamie, SD 09317",Y,hours
718,Angela Mcdonald,065-12-6916,"272 Wayne Expressway Suite 117
Lake Tammychester, FM 24756",N,miles
719,Anthony Wall,121-68-7162,"73129 Sanchez Stravenue Apt. 931
Zacharyville, ID 24649",Y,miles
720,Mark Stewart,623-82-3475,"7036 James Point
Lake Davidhaven, MN 47629",Y,hours
721,Valerie Parker,898-46-8109,"03625 Williamson Knolls
Port Mary, KY 89945",Y,hours
722,Lisa Richards,491-74-1769,"330 William Estates
East Jennifer, FM 86261",Y,miles
723,Sophia Powers,591-81-5839,"047 Allison Path
Shannonberg, GA 60945",Y,hours
724,Julie Simpson,393-21-7520,"1470 Harold Groves Suite 386
Benderton, ME 40084",N,hours
725,Michael Morris,884-01-6543,"357 Patterson Mills Apt. 073
Lake Matthewview, NE 55979",N,hours
726,Douglas Gonzalez,332-17-5593,"548 Hopkins Field
New Michael, TN 48508",Y,hours
727,John Wilson,222-54-5607,"Unit 5790 Box 4266
DPO AP 92841",Y,miles
728,Kevin Campbell,224-61-5938,"8528 Jackson Spur Apt. 711
Port Dianeside, ME 85144",N,miles
729,Erin Novak,531-74-1867,"923 Christopher Mountain Apt. 971
Kennedychester, AZ 19981",N,miles
730,Stacy Hughes,812-76-3968,"2839 Arias Flats
Lake Diane, ME 70219",N,miles
731,Ronald Carpenter IV,813-97-5654,"87756 Smith Vista Apt. 769
Bakerberg, SC 71756",N,miles
732,Leroy Hall,213-82-6254,"61232 Summer Vista
Santiagoshire, KS 90117",Y,miles
733,Keith Coleman,890-48-5803,"9846 Kim Expressway Suite 432
North Alexandra, TX 57007",Y,miles
734,Jason Perry,637-03-5806,"043 Heather Well
Lewisshire, DE 13549",Y,miles
735,Sierra Phillips,560-31-6712,"995 Chambers Loaf
Bakershire, PW 46737",Y,hours
736,Kelly Stokes,617-07-1381,"USNS Johnson
FPO AE 27141",N,miles
737,Nicole Clark,560-38-1109,"PSC 9089, Box 4317
APO AA 18932",Y,hours
738,Christopher Duncan,222-63-0226,"84134 Julie Mountain
Port Julie, MA 72898",Y,miles
739,Carlos Payne,017-62-3218,"802 Hall Keys Suite 171
Jonathanhaven, DE 25171",N,hours
740,Dr. Laura Wagner,049-29-2841,"2478 Edward Passage
Williamfort, DE 47072",N,miles
741,Laura Skinner,411-31-9860,"USNV Scott
FPO AE 21961",Y,hours
742,Shannon Guerra,347-31-5412,"43456 Campos Ferry
West Amandaside, NE 73892",N,hours
743,Adrian Alexander,365-82-9717,"PSC 1263, Box 6301
APO AP 28314",N,hours
744,Renee Cross,793-08-4470,"1069 Moore Trace
West Jasmine, PW 99831",Y,hours
745,Matthew Long,043-29-3801,"50874 Tyler Summit
Blackhaven, WA 18405",N,hours
746,Michelle Sanchez,696-63-1351,"3917 Tina Trafficway Suite 123
Curtisbury, OR 41075",Y,hours
747,Dale Sullivan,450-34-8999,"13478 Kimberly Track Suite 972
Kathleentown, OK 29608",Y,hours
748,Adam Schmidt,842-59-4534,"719 Robin Lodge Suite 936
Georgestad, MI 40472",N,miles
749,Claire King,881-88-3242,"77149 Fernando Cove Suite 401
East Frank, NH 81971",Y,miles
750,Austin Barber,054-25-6403,"45265 Brooke Shoal Apt. 666
New John, LA 99038",Y,miles
751,Debra Williams,350-30-3361,"2572 Paul Gardens Suite 733
Kathleenburgh, MP 25644",N,miles
752,Michael Parker,002-22-2103,"5233 Fisher Common Suite 173
Port Zacharyborough, MI 57895",N,hours
753,Jacqueline Webb,130-92-3947,"USNS Maxwell
FPO AP 40255",N,hours
754,Shawn Hogan,198-03-6347,"2431 Mccarty Mountain
Poncebury, VT 21958",Y,miles
755,Theresa Peters,127-80-9717,"6421 Kyle Forest
Lake Lance, RI 71187",Y,hours
756,David Lee,650-06-4687,"540 Robinson Underpass Apt. 004
Jonesberg, ME 91912",N,miles
757,Christie Coleman,455-72-3954,"Unit 8937 Box 8263
DPO AA 48753",Y,miles
758,Natasha Johnson,705-30-9634,"8457 Joel Pine
South Brenda, WI 13374",Y,miles
759,Norman Henderson,206-30-0745,"6795 Smith Green Suite 642
Port Amy, NV 14664",N,miles
760,Nicholas Crawford,585-52-1546,"32690 Wade Summit Suite 236
Port Dianaview, PW 63277",Y,hours
761,Crystal Williams,727-32-5430,"16253 Andrea Highway Suite 549
Lake Nathaniel, WA 36206",N,miles
762,Lindsay Johnson,004-94-3606,"445 Allen Passage
Port Timothyport, ND 15928",Y,hours
763,Danielle Smith,162-69-5694,"71008 Duncan Fork
New Laurenmouth, PR 12035",Y,hours
764,Seth Stephens,235-58-0019,"68793 Danielle Shoal Apt. 009
Port Catherine, SD 46361",Y,hours
765,Priscilla White,685-75-6242,"85160 Maddox Streets Suite 410
Crystalmouth, NJ 37475",Y,miles
766,Brenda Ellison,142-57-7416,"538 Andrew Green Suite 777
Daisyburgh, FM 67550",N,hours
767,Chad Perry,856-87-6822,"4091 Tracy Parks
Port Rebeccastad, WY 46104",Y,miles
768,Hailey Moore,633-50-9466,"16418 Martin Forks
West Ryan, AZ 55064",N,miles
769,Heidi Galvan,045-14-4374,"USNV Howell
FPO AA 60532",Y,hours
770,Andrew Wilson,275-09-1951,"93123 Nelson Pine
Wilsonborough, FM 87331",N,hours
771,Ethan Aguilar,008-44-3004,"Unit 7867 Box 4212
DPO AA 02233",N,miles
772,Brian Davis,659-38-5295,"USS Williams
FPO AE 80452",Y,miles
773,Leonard Rodriguez MD,554-42-5714,"5542 French Forge
Wendyfurt, MT 84143",Y,miles
774,Parker Jackson,806-18-7162,"Unit 2062 Box 5112
DPO AA 49084",Y,hours
775,Erica Shepard,320-33-8331,"5049 Anna Plaza Apt. 800
East Melanie, SD 31180",N,hours
776,Brandy Sloan,495-97-0564,"9870 Herrera Grove
West Teresaview, MN 21157",Y,hours
777,Aaron Guerra,216-07-6355,"664 Angela Glen
Sanchezmouth, KS 24971",Y,hours
778,Michael Wallace,573-45-2731,"9926 Carl Islands Suite 989
South Bryan, AR 13933",Y,hours
779,Michael King,330-03-9219,"4296 Gordon Pike Suite 114
Taylorside, WV 82275",Y,hours
780,Jeffrey Baker,798-90-2166,"045 Walters Ranch
Richardfort, MN 33921",Y,hours
781,Christina Parsons,796-20-2038,"9258 Vincent Station
New Lawrence, SD 80994",N,hours
782,Matthew Smith,740-51-1043,"96670 Massey Shores
West Kelly, NV 53835",N,hours
783,Sarah Beltran,346-46-7277,"903 Jimenez Oval
Roblesview, MP 23493",N,hours
784,Matthew Morse,759-01-5370,"6791 Vazquez Oval Suite 970
East Kristenmouth, PW 54626",N,miles
785,Debra Conrad,419-29-9995,"338 Bennett Branch Apt. 790
Port Mollymouth, TX 97367",Y,miles
786,Alexander Smith,638-83-9983,"4628 Hodge Square
Port Christopherbury, TN 52138",Y,hours
787,Ruth Cook,799-54-6075,"247 Christian Rest
Lake Sharonbury, PA 68207",Y,hours
788,Michael Bush,102-62-8793,"9155 York Grove Suite 481
West Stephenchester, WI 14283",N,miles
789,Julie Ford,407-12-6898,"629 Sullivan Tunnel Suite 984
Hornfurt, MA 06021",Y,hours
790,Stephanie Rogers,260-73-0269,"57802 Erica Creek
New Blake, WV 57998",N,hours
791,Elizabeth Keller,745-35-9876,"7281 Derek Vista
South Mary, GA 78521",N,miles
792,Andrew Davidson,206-48-9845,"USNV Neal
FPO AA 45098",Y,miles
793,Nancy Graham,289-57-8566,"917 Cody Forest
Lake Eddieberg, FL 96973",Y,hours
794,Chase Brown,390-53-4542,"091 Hernandez Loop Apt. 034
Port Anthony, IA 19121",N,miles
795,Brenda Wells,456-87-4804,"76446 Jeffrey Creek
West Ann, CT 03659",N,miles
796,Brenda Sandoval,521-09-0652,"Unit 4154 Box 2597
DPO AP 13681",N,hours
797,Tracy Parker,622-38-0806,"1178 Crystal Lodge
Martinezton, FM 78235",N,hours
798,Brian Rose,127-38-1026,"9245 Bailey Lane Apt. 687
Floreschester, GU 23197",N,miles
799,Christopher Sweeney,357-11-2148,"83688 Wilson Ridges Suite 894
East Patrick, GA 27839",Y,hours
800,Brett Morris,452-33-0670,"21624 Angela Isle
Jamesstad, MA 88332",N,miles
801,Maureen Jordan,650-29-5205,"8079 Caleb Plaza
New Jackbury, FM 10684",N,miles
802,Craig Young,621-85-1797,"238 John Parks Suite 304
Christophermouth, NY 42765",N,hours
803,Donald Ferguson,420-47-3560,"19169 Fowler Camp Apt. 348
Christinachester, NY 36290",Y,hours
804,Melissa Kelly,774-32-9400,"0121 Mccormick Fork
Port Madelineburgh, OH 26505",Y,hours
805,Heather Garcia,074-80-9249,"717 Myers Brooks Suite 872
Lake Charles, SC 32202",N,miles
806,Mr. Darryl Jones,100-23-8265,"176 Moore Station Apt. 197
Rayfort, NV 48205",Y,miles
807,Albert Padilla,546-10-8138,"80157 Martin Forks Apt. 432
Brighthaven, ND 17565",N,hours
808,Kiara Oliver,704-36-7584,"934 Laura Locks Suite 484
Lisashire, MI 15721",Y,miles
809,Amber Porter,880-21-2631,"548 Julia Mall Suite 308
West Donnaside, MT 60169",Y,miles
810,Tonya Allen,723-19-6300,"66215 Brown Haven
Troyport, SC 68989",Y,miles
811,Dr. Kimberly Roberts,376-92-3113,"5765 Christine Station Apt. 201
North Stevenfurt, VT 86729",N,hours
812,Nicholas Harris,017-07-4896,"6537 Jesse Bypass Suite 392
North Caleb, WY 16164",Y,hours
813,Madison Wright,812-70-8109,"PSC 1728, Box 9605
APO AP 90187",N,miles
814,Herbert Gonzalez,044-34-7983,"8607 Brown Route
Alicebury, VT 27747",Y,miles
815,David Burns,583-46-5867,"103 Jennifer Walks
West Michaelchester, NY 11152",Y,miles
816,Elizabeth Evans,737-29-0592,"3862 Linda Passage
Humphreyburgh, OK 60923",N,hours
817,Lisa James,057-89-5369,"8927 Peck Fork Suite 145
Floydchester, KS 30889",Y,miles
818,Stuart Stokes,195-22-6809,"95838 Victor Gateway
Lake Danielmouth, MO 42552",Y,miles
819,Kim Bentley,373-61-3740,"2039 Donald Mission Suite 440
Ronaldfort, PR 09575",Y,hours
820,Matthew Ballard,580-86-3076,"6153 Davis Turnpike
East Sheri, DE 43079",Y,hours
821,Lori Kim DDS,570-40-7408,"356 Leonard Springs
Port Jay, OH 47591",Y,miles
822,Austin Fisher,203-47-6106,"PSC 0194, Box 4208
APO AE 13126",N,miles
823,Sherri Lopez,817-86-1240,"412 Harris Skyway Apt. 332
West Christineville, GU 08305",Y,hours
824,Julie Wyatt,596-91-0080,"51041 Mariah Lodge
Hunterbury, AK 49966",Y,miles
825,Shane Bradley,483-75-2359,"90478 Edward Bridge Suite 419
Mistymouth, WY 60316",Y,hours
826,Patricia Garcia,235-71-0897,"5114 Lisa Shoals
Lake Jessicaville, NJ 99376",N,miles
827,Michael Ruiz,166-06-6589,"140 Cynthia Ferry
East Normantown, LA 48402",Y,hours
828,Michelle Allen,230-17-9530,"31194 Smith Field Suite 050
Arnoldborough, PR 91808",N,hours
829,Bradley Carpenter,400-27-1797,"5157 Griffin Groves
Port Stephaniebury, PA 20136",N,miles
830,Paul Mcdaniel,561-01-8748,"245 Garrett Forest
North Victorborough, WV 28561",N,miles
831,Carrie Michael,578-45-9952,"515 Juan Hollow
Williamsshire, NE 61575",Y,hours
832,Stacy Ferguson,499-35-9353,"17160 Simpson Tunnel
Melissaview, AR 22302",Y,hours
833,Devin Davis,573-64-3125,"4295 Aaron Rest
Martinezmouth, DE 96870",N,miles
834,Kathleen Berry,179-56-7942,"8687 Cassandra Hills Suite 715
New Amandatown, NC 18455",Y,hours
835,Cynthia Ross,345-38-5226,"627 Robert Manors Apt. 621
West Laura, OR 29785",Y,hours
836,Stephen Leonard Jr.,081-96-9330,"57450 Tiffany Club
Christopherland, GA 87534",N,miles
837,Richard Marshall,038-03-2007,"44413 Johnson Extension Suite 049
South Samuelbury, MT 19524",N,hours
838,Tanya Williams,344-55-5177,"87280 Michael Ferry
Zacharyburgh, GA 32086",Y,miles
839,Christian Gomez,707-01-4138,"806 Burke Forge
Lake Ashleybury, OK 04008",Y,miles
840,Jennifer Gilmore,561-48-1099,"3813 Oliver Manors
North Ralphbury, ME 52311",N,hours
841,Rodney Rogers,025-15-3693,"4338 Lisa Turnpike
Hannahfort, MN 60024",N,miles
842,Kiara Golden,220-24-6759,"35893 Blanchard Squares Apt. 673
Salinasview, SD 98880",N,miles
843,Sarah Martin,832-54-4041,"6128 Jeremiah Fords
Johnsonstad, ND 18960",N,miles
844,Howard Cole,577-30-7898,"233 Owen Field Suite 515
Port Kathleenmouth, ME 75953",N,hours
845,Rick Aguirre,593-04-2914,"Unit 5511 Box 9229
DPO AA 88701",N,miles
846,Dylan Browning,265-35-1944,"51577 Brooks Knolls
Danashire, PA 45894",Y,miles
847,Rhonda Patterson,811-23-6495,"519 Johnson Manor
New Julieburgh, WI 26104",Y,miles
848,Lori Rodriguez,582-87-4595,"22021 Desiree Orchard
Elizabethborough, AR 37872",Y,miles
849,Gary Simmons,727-33-9719,"24718 Scott Run
Larrymouth, ID 90831",Y,miles
850,Alexis Williams,469-24-5227,"5063 Eaton Ways Suite 174
West Kayla, PA 96327",N,miles
851,Elizabeth Dodson,122-41-1964,"670 Jake Wells Suite 557
North Joshua, MA 41374",Y,miles
852,Eric Johnson,763-14-8113,"69580 Bethany Ferry Suite 272
East Robert, UT 61869",N,hours
853,Kristin Ryan,682-77-6361,"3711 Tammy Dam
Richardfort, MA 64663",N,hours
854,Erin Long,258-05-1635,"USCGC Kelly
FPO AA 09781",N,hours
855,Kathy Love,183-11-1253,"55682 Rose Rapid Apt. 216
Michaelchester, AZ 48618",N,miles
856,Anthony Sanchez,458-14-8635,"351 Scott Curve
Jenniferside, PW 10143",Y,miles
857,Erik Garcia,339-71-2896,"89647 Erica Island
South Meghan, ND 15643",Y,miles
858,Jennifer Johnson,038-44-0537,"8950 Richard Freeway
Port Erica, OH 50829",Y,miles
859,Katherine Bowen,145-91-1163,"73452 Felicia Camp Apt. 705
Joshuaburgh, MA 29503",Y,miles
860,Brian Jackson,213-03-4848,"272 Robert Lock Apt. 796
Ashleyburgh, NH 40809",Y,miles
861,Alejandra Wilkins,394-05-6564,"343 Aaron Stream Suite 008
Jeremyfort, ND 24239",Y,miles
862,Gregory Macias,751-76-8615,"424 Rivera Lane Apt. 558
Port Benjamin, FM 63978",Y,miles
863,Elizabeth Smith,525-54-0161,"22141 Michael Views Apt. 027
New Craig, WA 29553",N,hours
864,Jonathan Stevens,024-87-7507,"64234 Lindsey Mall Apt. 372
South Michael, SC 37459",Y,hours
865,Mark Rowe,288-26-1513,"5553 Rodriguez Locks
North Emilyfurt, LA 96927",Y,hours
866,Rebecca Nguyen,702-98-5578,"301 William Mount Apt. 935
Rosarioburgh, AS 51389",Y,miles
867,Erin Perez,775-03-7939,"Unit 4422 Box 5409
DPO AP 41758",Y,miles
868,Kevin Waller,505-57-0349,"02305 Katie Walk
Williamview, MN 23838",N,miles
869,Debra Acosta,378-85-1455,"626 Shelby Hollow
North Jasonstad, IA 47763",Y,miles
870,William Taylor,401-44-7546,"251 Livingston Forks
Port Brendabury, ID 03059",N,miles
871,Kathryn Miller,218-17-1125,"440 Boyd Fall
South Abigail, MN 48133",N,miles
872,David Grant,486-08-5083,"8049 Jennifer Land Suite 436
Williamsonshire, KY 98464",N,miles
873,John Turner,668-24-5183,"79040 Anthony Throughway Apt. 383
South Heatherbury, NV 08906",Y,hours
874,Adrian Alvarado,255-43-2138,"195 Mitchell Locks Apt. 703
Millermouth, DC 52483",Y,miles
875,Janet Wang,604-21-6375,"Unit 4582 Box 7970
DPO AA 57551",Y,miles
876,Shelly Price,081-79-1994,"87395 William Flats Suite 113
Port Kathleen, PW 50681",Y,hours
877,Casey Gray,601-96-8416,"138 Rodriguez Crossing Suite 761
Timothymouth, WY 85171",N,hours
878,Anna Smith,334-21-0670,"USCGC Hood
FPO AA 14506",N,hours
879,James Shelton,698-49-1076,"891 Petersen Ranch Apt. 621
Aguirreberg, NE 07618",Y,hours
880,Shelly Sheppard,109-15-3622,"4990 Williams Greens
East Jim, NM 89780",N,miles
881,Kevin Page,315-17-1512,"09878 Thomas Cove Suite 742
Doughertytown, DE 66041",Y,miles
882,Bradley Davis,313-33-8547,"9434 Thomas Square
Port Peggyberg, MH 30466",N,hours
883,Stacey Garcia,714-45-5972,"5094 Maria Springs Apt. 194
West Paula, WA 21987",Y,miles
884,Joshua Kerr,698-17-1516,"5720 Ford Port
Johnsonton, ME 76137",N,miles
885,Cheyenne Nash,501-47-3941,"8062 Holmes Islands Apt. 171
Jessicashire, DE 23565",N,miles
886,Melissa Newton,147-31-1275,"78367 Michael Mountains Apt. 693
North Kimberlyfort, ND 89282",Y,hours
887,Eileen Bailey,213-36-6365,"50910 Burke Wells
Kristineberg, LA 11710",N,miles
888,Amy Taylor,095-80-6833,"8058 Julia Village
South Teresaland, CO 38157",N,miles
889,Cristina Thompson,282-69-0813,"717 Edwards Passage Suite 156
North Richardport, PW 64327",N,hours
890,Theresa Moore,822-74-3885,"8648 Brown Walks
North Jacquelinemouth, VA 25673",Y,hours
891,Brian Espinoza,080-06-0981,"067 Villarreal Glens Apt. 813
South Tommytown, NJ 48586",Y,miles
892,Nicole Jackson,552-35-6390,"65694 Simpson Circles
Lake Rachel, IA 51487",N,hours
893,Evan Johnson,262-20-4971,"5200 Martin Mill
Port Rachel, AZ 19683",Y,hours
894,Christopher Blankenship,103-32-9931,"10797 Kristen Prairie
South Melaniefurt, VA 00526",Y,hours
895,Alicia Perez,269-79-9224,"826 Leslie Creek
Hinesberg, VA 50714",Y,miles
896,Sean Parks,680-08-2879,"7309 Fox Bridge
Gordonfurt, VT 19200",Y,hours
897,Jeff Larson,347-60-9570,"873 Mark Stream
Olsonmouth, SD 97083",N,hours
898,Angela Acosta,236-04-5772,"4787 Michael Orchard
Lake Laurachester, WI 88938",Y,miles
899,Debra Reed,250-96-4102,"20126 Tracy Ville Apt. 318
Ashleyland, TN 76195",N,hours
900,Julian Soto,249-31-6307,"USS Herring
FPO AA 60767",Y,miles
901,Edward Boyd,770-88-4547,"2515 Jared Dale Suite 347
West Blakeport, GU 29168",N,miles
902,Megan Wright,366-32-6122,"973 Thompson Lock
New Joestad, KY 19333",Y,miles
903,Mary Hall,274-42-2805,"77732 Casey Valleys Apt. 844
Emilyville, ND 10341",Y,hours
904,Andrew Klein MD,102-44-1861,"15595 Amy Pine
Alexanderside, AL 70646",Y,miles
905,Richard Wood,279-08-7056,"67160 Jones Passage Suite 199
Nicoleland, IA 99816",N,hours
906,Anthony Lopez,854-05-8168,"97981 Ashley Groves Apt. 150
West John, OR 74626",Y,hours
907,Robert Rojas,057-83-5724,"3046 Jason Alley Apt. 349
East Debbieton, DE 62836",N,miles
908,Carlos Nguyen,394-32-9676,"23637 Little Lock
Moniqueport, KS 36095",N,hours
909,Andre Chang,679-24-6256,"0390 Sellers Mountains Suite 486
Karenfurt, ND 47160",N,hours
910,Brittany Leonard,575-39-2688,"3079 Charles Shore Suite 064
East Joseph, VI 53210",Y,miles
911,Tom Burke,333-20-6778,"USS White
FPO AP 02619",Y,miles
912,Erin Roberts,189-98-6240,"5718 Walter Motorway
Jeffreyfort, KS 31492",Y,miles
913,Martha Rice,735-34-3989,"3322 Flores Meadows
West Kellie, DE 70470",N,miles
914,Marcus Hardin,129-56-9281,"PSC 1365, Box 7805
APO AA 94690",N,hours
915,Joseph Roy,274-41-6696,"20181 Price Street Suite 422
Kellyview, FL 93528",Y,hours
916,William Irwin,855-96-2321,"23978 Joseph Summit Suite 750
Adamshaven, TN 68012",N,hours
917,Melissa Atkins,203-85-0578,"22145 Moore Summit
New Shawnview, UT 53631",Y,miles
918,Mary Thompson,826-49-1670,"33295 Connie Mill
Port Kimberly, FL 21084",Y,hours
919,James Coleman,279-28-6468,"579 Gonzalez Center Suite 886
Ruizberg, MS 61666",Y,hours
920,Joshua Brady,826-92-1120,"7889 Rowe Lane
Williammouth, OR 26458",Y,miles
921,Zachary Price,842-85-3405,"0219 Copeland Way Apt. 606
Westshire, MS 60985",Y,hours
922,Cody Jackson,213-01-5473,"703 Wood Cliffs Suite 088
North Andrea, WA 99023",Y,miles
923,Elizabeth White,293-92-0496,"354 Jennifer Crest Apt. 501
Foleymouth, HI 92812",Y,hours
924,Laurie Baker,191-03-4885,"8665 Hood Village
Christophershire, KS 50426",Y,miles
925,Michael Jones,871-45-6154,"0148 Patricia Park Suite 596
New Josephville, AZ 92985",N,miles
926,Claudia Miller,715-16-1936,"913 Lisa Mews Suite 406
East Samuel, NM 26078",N,hours
927,Justin Brown,185-21-4735,"8881 Brandi Roads
East Marilynberg, NJ 24740",Y,miles
928,Timothy Austin,135-67-7205,"36233 Griffin Curve Suite 601
Sandraville, ID 27248",Y,miles
929,James King,444-76-1114,"13688 Michael Squares
North Moniqueberg, WA 62092",N,miles
930,Joshua Wilcox,494-45-0103,"715 Alexander Club Apt. 856
Terriberg, VI 15899",Y,hours
931,Natalie Bowman,092-28-0841,"619 Brown Ways
South Joshua, DC 79985",N,hours
932,Jennifer Wilson,508-68-9119,"404 Jeffrey Tunnel
West Brendashire, FL 85383",Y,miles
933,Craig Daniels II,309-75-5340,"029 Kayla Harbor
South Scottside, NE 23416",Y,hours
934,Angel Baker,623-55-9539,"77813 Moses Roads Apt. 645
North Ericfurt, SD 52660",N,miles
935,Debra Stanley,337-89-7714,"85000 Jacob Wall Apt. 451
East Destinyborough, SC 40181",N,hours
936,John Luna,882-63-8697,"PSC 1921, Box 0129
APO AA 66717",Y,hours
937,Matthew Campbell,639-56-7207,"834 Jerry Manors Apt. 360
Jamieton, DC 17998",N,miles
938,Katherine Alvarez,881-07-5233,"PSC 1134, Box 1759
APO AP 58761",N,miles
939,Dawn Pham,468-16-4425,"3954 Sharp Pass
Vanessafurt, RI 87250",Y,miles
940,Larry Robinson,363-52-7194,"4079 Doris Overpass
Port James, WA 85374",N,hours
941,Carl Pierce,219-49-9953,"578 Rebecca Centers Apt. 818
Douglasmouth, AK 26212",Y,hours
942,Stacey Tyler,244-98-6352,"82080 Anderson Fort
Clarkhaven, CT 88691",N,hours
943,George Guzman,788-81-2441,"3079 Contreras Ridges
New Donaldport, AZ 50378",N,hours
944,Rachael Stevens,200-55-8855,"USNV Evans
FPO AP 56753",N,hours
945,John Kelley,413-85-4473,"9125 Smith Mills
Millerton, IA 92947",N,miles
946,Brady Richards,475-05-1782,"013 Butler Landing Apt. 057
Kimberlystad, PW 68368",Y,miles
947,Marc Macias,872-81-1296,"20754 Barbara Manors
Mathewfort, TN 27105",N,hours
948,Paul Lopez Jr.,011-41-3016,"USNV Beard
FPO AP 98217",Y,miles
949,Heather Mendoza,155-58-3170,"4486 Wood Springs Apt. 263
Port Shannonfort, PA 16627",Y,hours
950,Maria Buckley,852-85-7066,"10374 Perez Forges
Michellebury, MN 75670",Y,hours
951,Marissa Adams,717-15-8694,"4420 Walters Camp Apt. 464
Lake Jeffrey, DE 26764",N,hours
952,Nicole Moore,171-63-3477,"1414 Shea Ferry
Port Michaelshire, NJ 60056",Y,miles
953,Luis Davis,567-59-4097,"75521 Heather Meadow
Lake Douglas, NH 41779",Y,hours
954,Kyle Wiley,833-27-6640,"6206 Stephen Prairie
Williamsborough, AZ 77018",N,hours
955,Ronald Cooper,086-37-7154,"Unit 9806 Box 7703
DPO AP 87206",N,hours
956,Christopher Wright,400-62-7207,"0198 Melissa Vista
Lisatown, IL 80555",Y,hours
957,James Rivera,798-46-8148,"5226 Pena Garden Suite 154
New Jerry, WI 85255",Y,hours
958,Sonya Ramirez,866-56-1304,"765 Molina Road Apt. 275
Ryanton, MH 03711",Y,miles
959,Sheila Wilson,353-61-6737,"1632 Peterson Rue
Jenniferfurt, AK 70678",N,hours
960,Jose Dougherty,400-68-3192,"7654 Angela Squares Suite 459
Ramosfort, KS 20524",Y,hours
961,Tyler Schultz,053-41-1378,"381 Lloyd Mall
New Justin, WI 42479",N,miles
962,Ryan Lewis,818-79-8513,"289 Kennedy Shoals
Jennifermouth, MH 00520",Y,miles
963,Christopher Scott,679-07-1733,"045 Bell Skyway Apt. 390
Hillshire, FM 84493",Y,hours
964,Cameron Beck,889-47-9405,"0856 Obrien Cliffs Apt. 688
Jessicaland, TX 10392",Y,hours
965,Emma Dunn,201-15-9254,"718 James Creek Suite 908
Jeremymouth, AS 09144",N,miles
966,Jonathan Clark,410-19-3684,"58121 Gibbs Drive
Mccartyhaven, PR 55830",N,hours
967,Christopher Trevino,514-97-3212,"81135 Valenzuela Forks Suite 403
South Stephenbury, VT 10668",Y,hours
968,Timothy Harrington,868-91-1828,"3203 Bethany Mount
New Darrellshire, AL 41055",Y,hours
969,Megan Williams,013-79-3874,"87841 Daugherty Turnpike
Lake Sherry, WI 15394",Y,miles
970,Danielle Graves,613-40-9764,"450 Ferguson Key Suite 032
New Anthony, SC 77487",N,hours
971,Jennifer Wright,641-79-8389,"723 Martinez Road Suite 056
East Phillip, LA 49709",N,hours
972,Dawn Holt,879-45-6065,"767 Peterson Squares
Bullockchester, VI 23754",Y,miles
973,Brianna Thomas,032-31-2447,"95077 Elizabeth Meadow Suite 569
Hardinchester, DE 40304",Y,hours
974,James Hurst DDS,016-13-9861,"007 Shannon Grove
West Terrifort, IA 15492",N,miles
975,Brent Roberson,052-77-1889,"70572 Garcia Row
Kristiefort, SD 71775",Y,miles
976,Jennifer Miller,152-53-4667,"645 Jackson Spur Suite 960
Hudsonside, MO 34921",Y,hours
977,Cynthia Wilson,109-87-5103,"2090 Adrian Grove Apt. 420
New Toddton, NE 28742",N,miles
978,Todd Glenn,848-35-9882,"USS Thomas
FPO AE 17725",N,hours
979,Connie Lynch,291-84-7621,"Unit 7367 Box 4808
DPO AE 25336",Y,hours
980,Kevin Hamilton,163-47-4686,"Unit 7697 Box 3816
DPO AE 17506",N,hours
981,Melissa Bryant,730-23-4866,"Unit 2141 Box 3017
DPO AE 49976",N,hours
982,Renee Chambers,616-03-2559,"Unit 8855 Box 3081
DPO AE 25257",Y,miles
983,Barbara Johnson,072-23-7430,"Unit 6366 Box 9139
DPO AE 51473",Y,hours
984,Steven Osborne,388-52-9375,"5213 Roberts Tunnel Suite 085
Port Jennifer, OR 02079",N,hours
985,Daniel Schneider,174-42-6316,"386 Jennifer Ports
Lake Lisaside, ND 21062",N,hours
986,Joan Dean,015-93-8598,"547 Aguilar Ramp Suite 173
South Alexanderview, DE 25146",N,miles
987,Charles Horton,007-80-1402,"PSC 1972, Box 9546
APO AA 97238",Y,hours
988,William Stanton,571-04-7380,"22579 Nguyen Underpass
Lake Thomasberg, UT 57466",Y,miles
989,Monica Dickerson,648-41-6587,"36248 Daisy Roads
Flowersburgh, CT 04916",N,hours
990,Jared Thompson,460-44-8291,"6644 James Bypass Apt. 845
West Michealside, MO 33852",N,hours
991,Kimberly Christian,299-73-8664,"0803 Stout Stravenue Apt. 210
Benjaminborough, MS 19157",Y,miles
992,Sandra Mitchell,754-76-4198,"415 Snyder Harbor
South Rebeccastad, NV 04088",Y,hours
993,Destiny Hensley,519-77-1736,"770 Baldwin Loop Suite 574
Dylanfort, WY 67070",Y,miles
994,Joshua Johnson,506-53-6892,"01494 Ferguson Road
North Juanmouth, MN 39592",Y,hours
995,Alison Foster,686-14-7211,"99048 Molly Knoll Suite 328
East Annetown, OR 69851",Y,hours
996,Andrew Buchanan,015-97-6783,"80232 William Views Suite 666
Hawkinsburgh, HI 39943",Y,hours
997,Michelle Jones,318-82-5232,"72554 Walton Common Apt. 801
Coxshire, PW 18415",Y,hours
998,Joseph Davis,180-93-0016,"44248 Williams Glen Suite 779
Jamesburgh, WY 96288",Y,hours
999,Christopher Scott,472-63-2608,"USNS Kerr
FPO AP 18387",Y,miles
1000,Natalie Tate,342-62-0067,"86252 Hansen Crossroad Suite 282
Mikaylaville, VI 29982",Y,hours
1001,Andrew Wilson,210-28-5422,"97465 Blackwell Turnpike Apt. 957
New Peggy, DC 55965",Y,miles
1002,Jeffrey Burnett,271-22-4075,"992 Davis Stream Apt. 769
West Morgan, AZ 03461",Y,miles
1003,Timothy Johnson,861-02-2595,"USNV Johnson
FPO AE 41736",N,hours
1004,Diana Moore,875-21-0559,"PSC 0501, Box 9685
APO AE 28491",Y,miles
1005,Susan Roberts,741-31-4075,"5595 Mary Plaza
Adamville, DE 27024",Y,miles
1006,Sydney Beard,324-26-3153,"7321 Christina Field
North Antonio, MN 64415",Y,miles
1007,Marcus Mejia,702-08-8532,"1645 Michael Ports Apt. 934
Matthewsview, VA 11395",N,miles
1008,Russell Hubbard,814-45-4327,"15693 Daniel Coves
South Dianaton, AR 78127",Y,miles
1009,Patrick Gonzales,241-52-7473,"34478 Harrison Corners Apt. 127
East Heather, GA 87199",N,miles
